,lat,lon,alt,timestamp,topic_id_x,temp,tds,turb,t_v,ph,ph_v,topic_id_y
1,51.9884772,5.6666765,1.0,1621002200071523083,1,20.5,186.0,-460.4,2.71,4.69,3.09,3.0
2,51.9884802,5.6666722,1.0,1621002201079643256,1,20.437,184.0,-495.88,2.65,4.73,3.08,3.0
3,51.9884805,5.666666,1.0,1621002202064604723,1,20.375,182.0,-529.82,2.6,4.74,3.08,3.0
4,51.9884793,5.6666595,1.0,1621002203066148779,1,20.375,182.0,-529.82,2.6,4.74,3.08,3.0
5,51.9884788,5.6666537,1.0,1621002204068334478,1,20.312,181.0,-562.22,2.55,4.64,3.1,3.0
6,51.9884763,5.666649,1.0,1621002205065643372,1,20.187,184.0,-568.39,2.54,4.65,3.09,3.0
7,51.9884725,5.6666462,1.0,1621002206071442608,1,20.187,184.0,-568.39,2.54,4.65,3.09,3.0
8,51.9884682,5.6666443,1.0,1621002207072633211,1,20.187,185.0,-563.76,2.55,4.49,3.13,3.0
9,51.9884635,5.6666477,1.0,1621002208070914849,1,20.187,182.0,-545.25,2.58,4.67,3.09,3.0
10,51.9884608,5.6666525,1.0,1621002209064864893,1,20.125,184.0,-468.11,2.7,4.56,3.11,3.0
11,51.9884595,5.6666603,1.0,1621002210073483423,1,20.125,184.0,-468.11,2.7,4.56,3.11,3.0
12,51.9884593,5.6666658,1.0,1621002211067738803,1,20.0,182.0,-423.37,2.77,4.62,3.1,3.0
13,51.9884632,5.666672,1.0,1621002212070661252,1,20.0,182.0,-395.6,2.81,4.58,3.11,3.0
14,51.9884662,5.6666742,1.0,1621002213065706718,1,19.937,185.0,-380.17,2.84,4.68,3.09,3.0
15,51.9884698,5.6666735,1.0,1621002214064849589,1,19.875,183.0,-390.97,2.82,4.55,3.11,3.0
16,51.9884733,5.6666723,1.0,1621002215066861122,1,19.875,183.0,-355.49,2.88,4.65,3.09,3.0
17,51.9884768,5.6666732,1.0,1621002216097548844,1,19.812,184.0,-284.53,2.99,4.62,3.1,3.0
18,51.9884807,5.6666767,1.0,1621002217064530921,1,19.875,185.0,-266.01,3.02,4.72,3.08,3.0
19,51.9884828,5.6666822,1.0,1621002218070366408,1,19.812,188.0,-309.21,2.95,4.49,3.13,3.0
20,51.9884833,5.6666868,1.0,1621002219065902385,1,19.812,189.0,-360.12,2.87,4.42,3.14,3.0
21,51.9884808,5.666691,1.0,1621002220084336476,1,20.062,189.0,-412.57,2.79,4.67,3.09,3.0
22,51.9884788,5.6666975,1.0,1621002221065628106,1,20.062,189.0,-412.57,2.79,4.67,3.09,3.0
23,51.9884747,5.666702,1.0,1621002222071115954,1,20.375,187.0,-497.42,2.65,4.63,3.1,3.0
24,51.9884698,5.666705,1.0,1621002223066502943,1,20.437,186.0,-523.65,2.61,4.6,3.1,3.0
25,51.9884647,5.6667065,1.0,1621002224074407288,1,20.437,186.0,-523.65,2.61,4.6,3.1,3.0
26,51.9884607,5.6667062,1.0,1621002225186131610,1,20.437,186.0,-537.53,2.59,4.55,3.11,3.0
27,51.9884555,5.6667033,1.0,1621002226071287290,1,20.562,186.0,-542.16,2.58,4.78,3.07,3.0
28,51.988452,5.6666983,1.0,1621002227065477585,1,20.625,186.0,-537.53,2.59,4.69,3.09,3.0
29,51.9884495,5.6666918,1.0,1621002228067716475,1,20.625,186.0,-537.53,2.59,4.69,3.09,3.0
30,51.9884473,5.6666852,1.0,1621002229072798493,1,20.625,186.0,-523.65,2.61,4.69,3.09,3.0
31,51.9884475,5.6666802,1.0,1621002230064657794,1,20.687,185.0,-485.08,2.67,4.8,3.07,3.0
32,51.98845,5.6666743,1.0,1621002231067410357,1,20.687,185.0,-485.08,2.67,4.8,3.07,3.0
33,51.988453,5.6666692,1.0,1621002232070378516,1,20.687,185.0,-454.22,2.72,4.67,3.09,3.0
34,51.9884565,5.6666662,1.0,1621002233072502693,1,20.687,182.0,-424.91,2.77,4.55,3.11,3.0
35,51.9884613,5.6666637,1.0,1621002234176226092,1,20.5,180.0,-406.4,2.8,4.64,3.1,3.0
36,51.9884652,5.6666627,1.0,1621002235067711374,1,20.375,181.0,-403.31,2.8,4.65,3.09,3.0
37,51.9884695,5.6666638,1.0,1621002237082851760,1,19.875,183.0,-364.75,2.86,4.78,3.07,3.0
38,51.9884722,5.666668,1.0,1621002237082955675,1,19.875,183.0,-364.75,2.86,4.78,3.07,3.0
39,51.9884743,5.666674,1.0,1621002238066833971,1,19.812,185.0,-377.09,2.84,4.63,3.1,3.0
40,51.9884753,5.6666793,1.0,1621002239076295676,1,19.75,185.0,-392.52,2.82,4.71,3.08,3.0
41,51.988475,5.6666848,1.0,1621002240067132315,1,19.812,189.0,-407.94,2.79,4.67,3.09,3.0
42,51.9884735,5.6666912,1.0,1621002241063524481,1,19.937,187.0,-429.54,2.76,4.82,3.06,3.0
43,51.9884713,5.6666975,1.0,1621002242065109055,1,19.937,187.0,-429.54,2.76,4.82,3.06,3.0
44,51.9884685,5.6667015,1.0,1621002243065168836,1,20.25,187.0,-503.59,2.64,4.8,3.07,3.0
45,51.9884642,5.6667038,1.0,1621002244065969796,1,20.312,184.0,-519.02,2.62,4.73,3.08,3.0
46,51.9884598,5.6667048,1.0,1621002245070416062,1,20.375,185.0,-534.45,2.59,4.74,3.08,3.0
47,51.988456,5.6667045,1.0,1621002246093936010,1,20.375,185.0,-534.45,2.59,4.74,3.08,3.0
48,51.9884535,5.6667002,1.0,1621002247065048933,1,20.312,185.0,-552.96,2.56,4.87,3.05,3.0
49,51.98845,5.6666963,1.0,1621002248070444854,1,20.375,187.0,-556.04,2.56,4.86,3.05,3.0
50,51.9884465,5.6666915,1.0,1621002249062070063,1,20.375,187.0,-556.04,2.56,4.86,3.05,3.0
51,51.9884445,5.666685,1.0,1621002250064221430,1,20.437,186.0,-549.87,2.57,4.89,3.05,3.0
52,51.9884427,5.666677,1.0,1621002251072635788,1,20.562,186.0,-512.85,2.63,4.82,3.06,3.0
53,51.9884415,5.6666658,1.0,1621002252070629345,1,20.562,186.0,-489.71,2.66,4.73,3.08,3.0
54,51.9884398,5.6666552,1.0,1621002253074386066,1,20.562,186.0,-489.71,2.66,4.73,3.08,3.0
55,51.9884378,5.6666438,1.0,1621002254069906063,1,20.625,186.0,-468.11,2.7,4.78,3.07,3.0
56,51.9884353,5.6666332,1.0,1621002255171130768,1,20.625,186.0,-412.57,2.79,4.51,3.12,3.0
57,51.9884327,5.6666225,1.0,1621002256067684823,1,20.625,186.0,-412.57,2.79,4.51,3.12,3.0
58,51.9884293,5.6666127,1.0,1621002257069330024,1,20.687,185.0,-398.69,2.81,4.64,3.1,3.0
59,51.9884268,5.6666033,1.0,1621002258069293516,1,20.687,185.0,-381.72,2.83,4.81,3.06,3.0
60,51.9884232,5.666595,1.0,1621002259068390019,1,20.625,186.0,-372.46,2.85,4.68,3.09,3.0
61,51.9884195,5.666587,1.0,1621002260066109159,1,20.625,187.0,-378.63,2.84,4.63,3.1,3.0
62,51.9884152,5.6665795,1.0,1621002261080527320,1,20.625,186.0,-374.0,2.85,4.78,3.07,3.0
63,51.988411,5.6665727,1.0,1621002262069455438,1,20.625,186.0,-370.92,2.85,4.78,3.07,3.0
64,51.9884058,5.666566,1.0,1621002263070834460,1,20.625,186.0,-369.37,2.85,4.83,3.06,3.0
65,51.9883988,5.6665608,1.0,1621002264069291194,1,20.625,186.0,-369.37,2.85,4.76,3.07,3.0
66,51.9883912,5.6665563,1.0,1621002265069883581,1,20.625,186.0,-364.75,2.86,4.73,3.08,3.0
67,51.9883837,5.666554,1.0,1621002266071622683,1,20.625,186.0,-360.12,2.87,4.62,3.1,3.0
68,51.9883765,5.6665538,1.0,1621002267067697942,1,20.625,186.0,-360.12,2.87,4.62,3.1,3.0
69,51.9883698,5.6665542,1.0,1621002268069906342,1,20.625,186.0,-340.06,2.9,4.78,3.07,3.0
70,51.988363,5.6665552,1.0,1621002269071631260,1,20.625,186.0,-329.26,2.92,4.64,3.1,3.0
71,51.9883575,5.6665563,1.0,1621002270071190937,1,20.625,186.0,-316.92,2.94,4.67,3.09,3.0
72,51.9883517,5.6665582,1.0,1621002271069155697,1,20.625,186.0,-316.92,2.94,4.67,3.09,3.0
73,51.9883458,5.6665608,1.0,1621002272071945632,1,20.562,184.0,-289.15,2.98,4.77,3.07,3.0
74,51.9883402,5.6665648,1.0,1621002273071218009,1,20.562,186.0,-273.73,3.01,4.55,3.11,3.0
75,51.9883358,5.6665715,1.0,1621002274165519208,1,20.562,186.0,-273.73,3.01,4.55,3.11,3.0
76,51.9883318,5.6665805,1.0,1621002275069824615,1,20.562,186.0,-252.13,3.04,4.63,3.1,3.0
77,51.9883267,5.66659,1.0,1621002276090169077,1,20.562,185.0,-225.9,3.08,4.62,3.1,3.0
78,51.988321,5.666598,1.0,1621002277068293993,1,20.5,186.0,-199.68,3.12,4.58,3.11,3.0
79,51.9883163,5.6666073,1.0,1621002278065946181,1,20.5,186.0,-181.16,3.15,4.33,3.15,3.0
80,51.9883132,5.6666173,1.0,1621002279072961954,1,20.5,184.0,-171.91,3.17,4.76,3.07,3.0
81,51.9883103,5.6666272,1.0,1621002280071884651,1,20.437,184.0,-93.23,3.29,4.58,3.11,3.0
82,51.9883075,5.6666378,1.0,1621002281069573120,1,20.437,184.0,-93.23,3.29,4.58,3.11,3.0
83,51.9883057,5.6666485,1.0,1621002282069931519,1,20.437,184.0,-53.12,3.35,4.54,3.12,3.0
84,51.988305,5.6666602,1.0,1621002283068176585,1,20.437,184.0,-6.83,3.43,4.59,3.11,3.0
85,51.988305,5.6666702,1.0,1621002284169518890,1,20.437,184.0,25.56,3.48,4.49,3.13,3.0
86,51.9883048,5.6666815,1.0,1621002285141968002,1,20.437,184.0,47.16,3.51,4.42,3.14,3.0
87,51.9883062,5.6666923,1.0,1621002286073421341,1,20.437,184.0,71.84,3.55,4.45,3.13,3.0
88,51.9883078,5.6667027,1.0,1621002287072736821,1,20.437,184.0,111.96,3.62,4.38,3.14,3.0
89,51.9883098,5.6667123,1.0,1621002288070682667,1,20.437,185.0,141.27,3.66,4.63,3.1,3.0
90,51.9883128,5.6667213,1.0,1621002289067371551,1,20.437,184.0,162.86,3.7,4.53,3.12,3.0
91,51.988316,5.6667305,1.0,1621002290070303453,1,20.375,185.0,192.18,3.74,4.2,3.18,3.0
92,51.9883202,5.6667395,1.0,1621002291071008690,1,20.375,186.0,215.32,3.78,4.49,3.13,3.0
93,51.9883243,5.666748,1.0,1621002292072248705,1,20.375,186.0,215.32,3.78,4.49,3.13,3.0
94,51.9883293,5.6667565,1.0,1621002293067888775,1,20.375,187.0,255.43,3.84,4.49,3.13,3.0
95,51.9883348,5.6667635,1.0,1621002294072496287,1,20.437,186.0,275.48,3.87,4.17,3.19,3.0
96,51.9883407,5.666768,1.0,1621002295073683507,1,20.437,186.0,284.74,3.89,4.41,3.14,3.0
97,51.9883473,5.6667727,1.0,1621002296070094716,1,20.437,186.0,284.74,3.89,4.41,3.14,3.0
98,51.9883533,5.6667773,1.0,1621002297073543701,1,20.437,186.0,275.48,3.87,4.68,3.09,3.0
99,51.9883603,5.6667807,1.0,1621002298070281133,1,20.5,186.0,252.34,3.84,4.2,3.18,3.0
100,51.9883677,5.6667828,1.0,1621002299073033109,1,20.5,186.0,252.34,3.84,4.2,3.18,3.0
101,51.988375,5.6667842,1.0,1621002300069350258,1,20.5,186.0,240.0,3.82,4.44,3.13,3.0
102,51.9883833,5.6667827,1.0,1621002301180618234,1,20.5,186.0,218.4,3.78,4.2,3.18,3.0
103,51.9883897,5.6667808,1.0,1621002302073507361,1,20.562,186.0,189.09,3.74,4.32,3.16,3.0
104,51.9883958,5.6667777,1.0,1621002303073324001,1,20.562,186.0,176.75,3.72,4.59,3.11,3.0
105,51.9884013,5.6667743,1.0,1621002304072021711,1,20.625,187.0,199.89,3.75,4.38,3.14,3.0
106,51.9884073,5.666769,1.0,1621002305081768847,1,20.625,186.0,233.83,3.81,4.65,3.09,3.0
107,51.9884133,5.6667637,1.0,1621002306205448984,1,20.625,186.0,264.68,3.86,4.31,3.16,3.0
108,51.9884178,5.6667583,1.0,1621002307067125776,1,20.625,187.0,287.83,3.89,4.59,3.11,3.0
109,51.988422,5.6667523,1.0,1621002308068632428,1,20.625,186.0,289.37,3.9,4.37,3.15,3.0
110,51.9884262,5.6667447,1.0,1621002309070260273,1,20.625,186.0,264.68,3.86,4.54,3.12,3.0
111,51.9884303,5.6667353,1.0,1621002310068646526,1,20.687,185.0,247.71,3.83,4.47,3.13,3.0
112,51.988434,5.666726,1.0,1621002311068597341,1,20.687,185.0,213.77,3.78,4.53,3.12,3.0
113,51.9884382,5.6667155,1.0,1621002312068484820,1,20.687,185.0,164.41,3.7,4.47,3.13,3.0
114,51.9884415,5.6667053,1.0,1621002313069545051,1,20.687,185.0,93.44,3.59,4.4,3.14,3.0
115,51.9884442,5.6666962,1.0,1621002314065862934,1,20.687,185.0,33.28,3.49,4.49,3.13,3.0
116,51.9884457,5.6666875,1.0,1621002315176339404,1,20.687,185.0,-19.18,3.41,4.63,3.1,3.0
117,51.9884468,5.6666777,1.0,1621002316070397644,1,20.687,184.0,-82.43,3.31,4.62,3.1,3.0
118,51.9884485,5.6666665,1.0,1621002317068088797,1,20.687,184.0,-82.43,3.31,4.62,3.1,3.0
119,51.9884498,5.6666555,1.0,1621002318068336495,1,20.625,184.0,-124.08,3.24,4.76,3.07,3.0
120,51.9884495,5.6666428,1.0,1621002319069545206,1,20.5,182.0,-198.13,3.13,4.72,3.08,3.0
121,51.988448,5.6666315,1.0,1621002320068103285,1,20.375,183.0,-222.82,3.09,4.85,3.06,3.0
122,51.988446,5.6666207,1.0,1621002321069844615,1,20.375,183.0,-222.82,3.09,4.85,3.06,3.0
123,51.9884437,5.66661,1.0,1621002322069283449,1,20.312,185.0,-232.07,3.07,4.76,3.07,3.0
124,51.9884415,5.6666003,1.0,1621002323073333134,1,20.312,187.0,-259.84,3.03,4.74,3.08,3.0
125,51.9884385,5.666591,1.0,1621002324065975604,1,20.312,187.0,-259.84,3.03,4.74,3.08,3.0
126,51.9884343,5.6665818,1.0,1621002325144445489,1,20.375,187.0,-267.56,3.02,4.87,3.05,3.0
127,51.9884293,5.6665738,1.0,1621002326071395310,1,20.437,186.0,-290.7,2.98,4.68,3.09,3.0
128,51.9884245,5.6665662,1.0,1621002327067046217,1,20.469,186.0,-307.67,2.95,4.85,3.06,3.0
129,51.9884207,5.6665607,1.0,1621002328068959072,1,20.5,186.0,-310.75,2.95,4.68,3.09,3.0
130,51.9884147,5.6665548,1.0,1621002329064615404,1,20.562,185.0,-315.38,2.94,4.69,3.09,3.0
131,51.9884063,5.666549,1.0,1621002330068186109,1,20.562,185.0,-320.01,2.93,4.77,3.07,3.0
132,51.9883982,5.6665452,1.0,1621002331064774734,1,20.562,186.0,-315.38,2.94,4.76,3.07,3.0
133,51.9883917,5.6665413,1.0,1621002332068540628,1,20.5,186.0,-309.21,2.95,4.59,3.11,3.0
134,51.9883838,5.6665383,1.0,1621002333070468058,1,20.5,186.0,-301.5,2.96,4.72,3.08,3.0
135,51.9883772,5.6665368,1.0,1621002334067596775,1,20.5,186.0,-286.07,2.99,4.74,3.08,3.0
136,51.9883702,5.6665363,1.0,1621002335067733132,1,20.5,186.0,-286.07,2.99,4.74,3.08,3.0
137,51.9883635,5.6665367,1.0,1621002336065709007,1,20.562,186.0,-258.3,3.03,4.78,3.07,3.0
138,51.9883582,5.6665393,1.0,1621002337089518604,1,20.562,186.0,-247.5,3.05,4.58,3.11,3.0
139,51.9883522,5.6665418,1.0,1621002338068013021,1,20.562,186.0,-247.5,3.05,4.58,3.11,3.0
140,51.9883458,5.6665453,1.0,1621002339067885441,1,20.562,186.0,-227.44,3.08,4.65,3.09,3.0
141,51.988339,5.66655,1.0,1621002340065870403,1,20.5,184.0,-199.68,3.12,4.58,3.11,3.0
142,51.9883345,5.6665563,1.0,1621002341062854077,1,20.5,185.0,-170.36,3.17,4.62,3.1,3.0
143,51.9883302,5.6665638,1.0,1621002342068025745,1,20.5,185.0,-170.36,3.17,4.62,3.1,3.0
144,51.9883243,5.6665715,1.0,1621002343067654920,1,20.437,186.0,-150.31,3.2,4.6,3.1,3.0
145,51.9883188,5.6665797,1.0,1621002344068114832,1,20.437,184.0,-68.54,3.33,4.54,3.12,3.0
146,51.9883135,5.6665877,1.0,1621002345068381617,1,20.437,184.0,-31.52,3.39,4.55,3.11,3.0
147,51.988309,5.6665962,1.0,1621002346066698572,1,20.437,184.0,-31.52,3.39,4.55,3.11,3.0
148,51.9883053,5.6666055,1.0,1621002347065156606,1,20.375,185.0,-6.83,3.43,4.55,3.11,3.0
149,51.9883033,5.6666157,1.0,1621002348068900555,1,20.375,186.0,33.28,3.49,4.51,3.12,3.0
150,51.9883012,5.6666257,1.0,1621002349067447723,1,20.344,185.0,64.13,3.54,4.69,3.09,3.0
151,51.9882985,5.6666358,1.0,1621002350068778074,1,20.312,185.0,70.3,3.55,4.62,3.1,3.0
152,51.988298,5.6666467,1.0,1621002351068349702,1,20.312,185.0,70.3,3.55,4.62,3.1,3.0
153,51.9882968,5.6666582,1.0,1621002352069564322,1,20.312,185.0,101.16,3.6,4.58,3.11,3.0
154,51.9882973,5.6666702,1.0,1621002353071004775,1,20.312,185.0,118.13,3.63,4.56,3.11,3.0
155,51.9882983,5.6666818,1.0,1621002354069619768,1,20.312,185.0,130.47,3.65,4.55,3.11,3.0
156,51.9882998,5.6666927,1.0,1621002355073214580,1,20.25,185.0,153.61,3.68,4.65,3.09,3.0
157,51.9883018,5.6667027,1.0,1621002356067997571,1,20.25,185.0,164.41,3.7,4.42,3.14,3.0
158,51.9883043,5.6667128,1.0,1621002357069332827,1,20.25,185.0,189.09,3.74,4.42,3.14,3.0
159,51.9883075,5.6667232,1.0,1621002358064933983,1,20.25,185.0,212.23,3.77,4.45,3.13,3.0
160,51.9883117,5.6667325,1.0,1621002359069111948,1,20.25,185.0,233.83,3.81,4.38,3.14,3.0
161,51.9883153,5.6667408,1.0,1621002360070471371,1,20.25,185.0,236.92,3.81,4.55,3.11,3.0
162,51.9883192,5.666749,1.0,1621002361068313981,1,20.25,185.0,272.4,3.87,4.51,3.12,3.0
163,51.9883242,5.6667567,1.0,1621002362068307071,1,20.25,185.0,292.45,3.9,4.56,3.11,3.0
164,51.9883297,5.6667633,1.0,1621002363072210914,1,20.25,185.0,304.8,3.92,4.41,3.14,3.0
165,51.988336,5.6667693,1.0,1621002364068669716,1,20.25,185.0,304.8,3.92,4.41,3.14,3.0
166,51.9883418,5.666775,1.0,1621002365064528185,1,20.312,186.0,321.77,3.95,4.31,3.16,3.0
167,51.9883482,5.6667797,1.0,1621002366101840080,1,20.312,185.0,303.25,3.92,4.41,3.14,3.0
168,51.988355,5.6667828,1.0,1621002367073160857,1,20.312,185.0,286.28,3.89,4.37,3.15,3.0
169,51.9883615,5.6667847,1.0,1621002368067995855,1,20.312,185.0,272.4,3.87,4.22,3.18,3.0
170,51.9883677,5.6667855,1.0,1621002369067212799,1,20.375,186.0,258.51,3.85,4.56,3.11,3.0
171,51.9883753,5.6667862,1.0,1621002370068122209,1,20.375,187.0,230.74,3.8,4.44,3.13,3.0
172,51.9883832,5.6667852,1.0,1621002371081809911,1,20.375,187.0,230.74,3.8,4.44,3.13,3.0
173,51.9883915,5.666782,1.0,1621002372068730654,1,20.437,186.0,219.95,3.79,4.56,3.11,3.0
174,51.988399,5.6667782,1.0,1621002373068723700,1,20.437,186.0,249.26,3.83,4.49,3.13,3.0
175,51.9884062,5.6667745,1.0,1621002374068246991,1,20.5,186.0,295.54,3.91,4.29,3.16,3.0
176,51.988412,5.6667703,1.0,1621002375068565872,1,20.5,186.0,326.39,3.96,4.37,3.15,3.0
177,51.9884153,5.6667673,1.0,1621002376078707209,1,20.562,186.0,284.74,3.89,4.56,3.11,3.0
178,51.9884193,5.6667625,1.0,1621002377069992710,1,20.562,186.0,277.03,3.88,4.51,3.12,3.0
179,51.9884222,5.6667562,1.0,1621002378068249081,1,20.625,186.0,292.45,3.9,4.54,3.12,3.0
180,51.9884247,5.6667492,1.0,1621002379067488908,1,20.625,187.0,286.28,3.89,4.53,3.12,3.0
181,51.9884288,5.6667408,1.0,1621002380069881683,1,20.625,186.0,266.23,3.86,4.5,3.12,3.0
182,51.9884325,5.6667315,1.0,1621002381066903453,1,20.687,185.0,215.32,3.78,4.58,3.11,3.0
183,51.9884358,5.6667227,1.0,1621002382063322279,1,20.687,185.0,139.72,3.66,4.32,3.16,3.0
184,51.9884385,5.6667135,1.0,1621002383068199553,1,20.687,185.0,45.62,3.51,4.64,3.1,3.0
185,51.988441,5.6667042,1.0,1621002384066584407,1,20.687,185.0,17.85,3.47,4.59,3.11,3.0
186,51.9884423,5.666694,1.0,1621002385067221059,1,20.687,185.0,-13.01,3.42,4.64,3.1,3.0
187,51.9884437,5.6666832,1.0,1621002386070242582,1,20.687,185.0,-13.01,3.42,4.64,3.1,3.0
188,51.988444,5.6666718,1.0,1621002387064419910,1,20.687,183.0,-111.74,3.26,4.6,3.1,3.0
189,51.9884443,5.66666,1.0,1621002388067474744,1,20.687,183.0,-156.48,3.19,4.68,3.09,3.0
190,51.9884438,5.6666482,1.0,1621002389067570399,1,20.687,183.0,-156.48,3.19,4.68,3.09,3.0
191,51.9884428,5.6666367,1.0,1621002390071602885,1,20.625,182.0,-193.5,3.13,4.59,3.11,3.0
192,51.9884413,5.666626,1.0,1621002391068051616,1,20.375,183.0,-241.33,3.06,4.46,3.13,3.0
193,51.9884393,5.6666155,1.0,1621002392066861230,1,20.25,183.0,-255.21,3.03,4.67,3.09,3.0
194,51.9884362,5.6666052,1.0,1621002393066814406,1,20.25,183.0,-255.21,3.03,4.67,3.09,3.0
195,51.9884337,5.6665948,1.0,1621002394069273680,1,20.187,185.0,-269.1,3.01,4.74,3.08,3.0
196,51.98843,5.6665848,1.0,1621002395065640923,1,20.187,186.0,-296.87,2.97,4.65,3.09,3.0
197,51.9884257,5.6665767,1.0,1621002396101301527,1,20.187,186.0,-296.87,2.97,4.65,3.09,3.0
198,51.9884207,5.6665707,1.0,1621002397069878265,1,20.25,187.0,-310.75,2.95,4.78,3.07,3.0
199,51.9884158,5.666564,1.0,1621002398063497004,1,20.312,187.0,-318.46,2.93,4.71,3.08,3.0
200,51.9884098,5.6665573,1.0,1621002399067409231,1,20.375,186.0,-323.09,2.93,4.81,3.06,3.0
201,51.9884038,5.6665525,1.0,1621002400100660637,1,20.375,185.0,-327.72,2.92,4.67,3.09,3.0
202,51.9883972,5.6665475,1.0,1621002401067756210,1,20.437,185.0,-327.72,2.92,4.83,3.06,3.0
203,51.9883905,5.6665427,1.0,1621002402070441902,1,20.437,184.0,-323.09,2.93,4.69,3.09,3.0
204,51.9883837,5.6665398,1.0,1621002403068047682,1,20.375,185.0,-318.46,2.93,4.76,3.07,3.0
205,51.9883777,5.6665373,1.0,1621002404068126420,1,20.375,187.0,-309.21,2.95,4.68,3.09,3.0
206,51.9883707,5.6665365,1.0,1621002405065471834,1,20.375,186.0,-296.87,2.97,4.76,3.07,3.0
207,51.9883638,5.6665367,1.0,1621002406066451501,1,20.375,187.0,-281.44,2.99,4.72,3.08,3.0
208,51.9883568,5.6665373,1.0,1621002407069826596,1,20.375,186.0,-275.27,3.0,4.64,3.1,3.0
209,51.988349,5.666538,1.0,1621002408069884065,1,20.375,185.0,-250.59,3.04,4.69,3.09,3.0
210,51.9883413,5.6665393,1.0,1621002409067229082,1,20.375,186.0,-236.7,3.06,4.81,3.06,3.0
211,51.988335,5.6665415,1.0,1621002410069097256,1,20.375,186.0,-222.82,3.09,4.58,3.11,3.0
212,51.9883287,5.6665445,1.0,1621002411069293948,1,20.375,186.0,-222.82,3.09,4.58,3.11,3.0
213,51.9883223,5.6665493,1.0,1621002412063399906,1,20.375,185.0,-196.59,3.13,4.55,3.11,3.0
214,51.988317,5.6665548,1.0,1621002413067572083,1,20.375,187.0,-171.91,3.17,4.62,3.1,3.0
215,51.9883113,5.666561,1.0,1621002414068567924,1,20.375,187.0,-159.56,3.19,4.68,3.09,3.0
216,51.9883063,5.6665695,1.0,1621002415066275909,1,20.375,187.0,-150.31,3.2,4.49,3.13,3.0
217,51.9883008,5.6665768,1.0,1621002416063119019,1,20.375,185.0,-116.37,3.25,4.58,3.11,3.0
218,51.988296,5.6665848,1.0,1621002417068263935,1,20.375,187.0,-31.52,3.39,4.62,3.1,3.0
219,51.9882925,5.6665938,1.0,1621002418069382243,1,20.375,187.0,-31.52,3.39,4.62,3.1,3.0
220,51.9882885,5.6666033,1.0,1621002419067341263,1,20.375,185.0,-5.29,3.43,4.69,3.09,3.0
221,51.9882855,5.666614,1.0,1621002420070174514,1,20.375,185.0,25.56,3.48,4.53,3.12,3.0
222,51.9882823,5.6666248,1.0,1621002421067809670,1,20.375,185.0,62.59,3.54,4.69,3.09,3.0
223,51.9882803,5.6666358,1.0,1621002422068671194,1,20.375,186.0,74.93,3.56,4.76,3.07,3.0
224,51.9882783,5.6666465,1.0,1621002423067982780,1,20.375,185.0,93.44,3.59,4.56,3.11,3.0
225,51.9882777,5.6666572,1.0,1621002424067386390,1,20.375,186.0,107.33,3.61,4.2,3.18,3.0
226,51.9882768,5.666668,1.0,1621002425071172905,1,20.375,185.0,119.67,3.63,4.53,3.12,3.0
227,51.988277,5.6666798,1.0,1621002426095785287,1,20.375,185.0,130.47,3.65,4.78,3.07,3.0
228,51.9882782,5.6666915,1.0,1621002427066257526,1,20.375,185.0,152.07,3.68,4.4,3.14,3.0
229,51.9882798,5.666703,1.0,1621002428067003681,1,20.312,185.0,179.83,3.72,4.77,3.07,3.0
230,51.9882825,5.666714,1.0,1621002429068838228,1,20.312,185.0,179.83,3.72,4.77,3.07,3.0
231,51.9882858,5.6667245,1.0,1621002430065970815,1,20.312,185.0,209.15,3.77,4.47,3.13,3.0
232,51.9882893,5.6667332,1.0,1621002431070083498,1,20.312,185.0,232.29,3.81,4.38,3.14,3.0
233,51.9882932,5.6667408,1.0,1621002432066362494,1,20.312,185.0,252.34,3.84,4.44,3.13,3.0
234,51.988297,5.6667477,1.0,1621002433065814716,1,20.312,185.0,252.34,3.84,4.44,3.13,3.0
235,51.9883017,5.6667547,1.0,1621002434178806394,1,20.25,185.0,300.17,3.91,4.44,3.13,3.0
236,51.988307,5.6667612,1.0,1621002435157148784,1,20.25,185.0,309.42,3.93,4.32,3.16,3.0
237,51.9883125,5.6667667,1.0,1621002436066561904,1,20.25,185.0,309.42,3.93,4.32,3.16,3.0
238,51.9883178,5.6667717,1.0,1621002437078744157,1,20.25,185.0,310.97,3.93,4.35,3.15,3.0
239,51.988324,5.6667753,1.0,1621002438063256494,1,20.25,185.0,306.34,3.92,4.24,3.17,3.0
240,51.9883292,5.6667783,1.0,1621002439064169545,1,20.25,185.0,261.6,3.85,4.47,3.13,3.0
241,51.9883328,5.6667813,1.0,1621002440061532183,1,20.25,185.0,261.6,3.85,4.47,3.13,3.0
242,51.9883357,5.6667825,1.0,1621002441061996406,1,20.25,185.0,243.09,3.82,4.41,3.14,3.0
243,51.9883382,5.6667843,1.0,1621002442058467399,1,20.312,185.0,216.86,3.78,4.46,3.13,3.0
244,51.98834,5.6667848,1.0,1621002443059838242,1,20.312,185.0,216.86,3.78,4.46,3.13,3.0
245,51.9883417,5.6667847,1.0,1621002444060672621,1,20.312,185.0,213.77,3.78,4.42,3.14,3.0
246,51.9883427,5.6667842,1.0,1621002445057218318,1,20.312,185.0,207.6,3.77,4.47,3.13,3.0
247,51.9883437,5.666784,1.0,1621002446061834340,1,20.312,186.0,199.89,3.75,4.42,3.14,3.0
248,51.988345,5.6667837,1.0,1621002447060484505,1,20.312,186.0,199.89,3.75,4.5,3.12,3.0
249,51.9883462,5.666784,1.0,1621002448059745840,1,20.375,185.0,196.8,3.75,4.46,3.13,3.0
250,51.9883463,5.6667842,1.0,1621002449059392415,1,20.312,186.0,201.43,3.76,4.46,3.13,3.0
251,51.9883465,5.6667842,1.0,1621002450060353292,1,20.312,185.0,202.98,3.76,4.49,3.13,3.0
252,51.9883468,5.6667842,1.0,1621002451061799255,1,20.312,185.0,202.98,3.76,4.45,3.13,3.0
253,51.9883467,5.666784,1.0,1621002452060628143,1,20.312,186.0,201.43,3.76,4.51,3.12,3.0
254,51.9883465,5.6667838,1.0,1621002453061092477,1,20.312,186.0,204.52,3.76,4.62,3.1,3.0
255,51.9883475,5.6667835,1.0,1621002454059530751,1,20.312,186.0,204.52,3.76,4.62,3.1,3.0
256,51.988348,5.6667832,1.0,1621002455059949498,1,20.375,185.0,199.89,3.75,4.59,3.11,3.0
257,51.9883483,5.6667828,1.0,1621002456097176372,1,20.375,185.0,195.26,3.75,4.47,3.13,3.0
258,51.9883487,5.6667828,1.0,1621002457060599717,1,20.375,187.0,198.35,3.75,4.53,3.12,3.0
259,51.9883488,5.666784,1.0,1621002458060088760,1,20.375,187.0,198.35,3.75,4.53,3.12,3.0
260,51.9883488,5.666785,1.0,1621002459060390483,1,20.375,186.0,193.72,3.75,4.6,3.1,3.0
261,51.98835,5.6667853,1.0,1621002460060250200,1,20.375,187.0,193.72,3.75,4.51,3.12,3.0
262,51.9883505,5.6667862,1.0,1621002461059451160,1,20.375,187.0,193.72,3.75,4.51,3.12,3.0
263,51.9883507,5.6667867,1.0,1621002462061057152,1,20.437,186.0,187.55,3.74,4.41,3.14,3.0
264,51.9883512,5.6667862,1.0,1621002463059696266,1,20.437,186.0,186.01,3.73,4.63,3.1,3.0
265,51.9883523,5.6667862,1.0,1621002464178728191,1,20.437,186.0,184.46,3.73,4.5,3.12,3.0
266,51.9883538,5.666787,1.0,1621002465151377824,1,20.437,186.0,184.46,3.73,4.37,3.15,3.0
267,51.988356,5.666787,1.0,1621002466058900413,1,20.437,186.0,182.92,3.73,4.63,3.1,3.0
268,51.988358,5.6667882,1.0,1621002467052070368,1,20.5,186.0,186.01,3.73,4.55,3.11,3.0
269,51.9883605,5.6667878,1.0,1621002468062483477,1,20.5,186.0,186.01,3.73,4.55,3.11,3.0
270,51.9883638,5.6667885,1.0,1621002469066037255,1,20.5,186.0,169.04,3.71,4.46,3.13,3.0
271,51.9883708,5.6667878,1.0,1621002470066061297,1,20.5,186.0,169.04,3.71,4.37,3.15,3.0
272,51.988378,5.666785,1.0,1621002471066149715,1,20.5,187.0,198.35,3.75,4.45,3.13,3.0
273,51.9883845,5.6667827,1.0,1621002472064937702,1,20.5,186.0,207.6,3.77,4.4,3.14,3.0
274,51.9883902,5.666781,1.0,1621002473065158523,1,20.5,187.0,213.77,3.78,4.35,3.15,3.0
275,51.988396,5.6667807,1.0,1621002474062526483,1,20.562,186.0,233.83,3.81,4.47,3.13,3.0
276,51.9884013,5.6667823,1.0,1621002475067523065,1,20.625,187.0,244.63,3.83,4.5,3.12,3.0
277,51.9884065,5.6667837,1.0,1621002476064639930,1,20.625,187.0,272.4,3.87,4.37,3.15,3.0
278,51.9884117,5.6667865,1.0,1621002477064792196,1,20.687,187.0,240.0,3.82,4.4,3.14,3.0
279,51.988418,5.6667885,1.0,1621002478065838963,1,20.687,187.0,253.89,3.84,4.51,3.12,3.0
280,51.988425,5.6667887,1.0,1621002479065796702,1,20.687,187.0,253.89,3.84,4.51,3.12,3.0
281,51.9884323,5.6667878,1.0,1621002480065975523,1,20.75,187.0,246.17,3.83,4.41,3.14,3.0
282,51.9884387,5.6667872,1.0,1621002481065676943,1,20.75,187.0,240.0,3.82,4.5,3.12,3.0
283,51.9884447,5.6667862,1.0,1621002482062925461,1,20.75,187.0,243.09,3.82,4.4,3.14,3.0
284,51.9884502,5.6667867,1.0,1621002483065148629,1,20.75,187.0,249.26,3.83,4.54,3.12,3.0
285,51.9884568,5.6667857,1.0,1621002484066019718,1,20.75,187.0,190.63,3.74,4.45,3.13,3.0
286,51.9884628,5.6667837,1.0,1621002485063665496,1,20.75,187.0,210.69,3.77,4.36,3.15,3.0
287,51.9884702,5.6667817,1.0,1621002486101118699,1,20.75,187.0,210.69,3.77,4.36,3.15,3.0
288,51.9884778,5.6667773,1.0,1621002487067600060,1,20.75,187.0,261.6,3.85,4.47,3.13,3.0
289,51.9884847,5.6667737,1.0,1621002488068398497,1,20.75,187.0,332.56,3.96,4.37,3.15,3.0
290,51.9884917,5.666769,1.0,1621002489064505617,1,20.75,187.0,332.56,3.96,4.37,3.15,3.0
291,51.9884972,5.6667635,1.0,1621002490065025486,1,20.75,185.0,326.39,3.96,4.62,3.1,3.0
292,51.9885022,5.6667573,1.0,1621002491066054858,1,20.75,185.0,321.77,3.95,4.45,3.13,3.0
293,51.9885082,5.6667493,1.0,1621002492064367508,1,20.75,185.0,301.71,3.92,4.42,3.14,3.0
294,51.9885125,5.6667415,1.0,1621002493065605867,1,20.687,185.0,278.57,3.88,4.35,3.15,3.0
295,51.9885162,5.6667317,1.0,1621002494290166649,1,20.687,185.0,247.71,3.83,4.4,3.14,3.0
296,51.9885202,5.6667222,1.0,1621002495157741877,1,20.687,185.0,182.92,3.73,4.41,3.14,3.0
297,51.9885235,5.6667127,1.0,1621002496061662796,1,20.687,185.0,113.5,3.62,4.54,3.12,3.0
298,51.9885268,5.6667012,1.0,1621002497065278339,1,20.625,186.0,48.7,3.52,4.42,3.14,3.0
299,51.988529,5.6666897,1.0,1621002498064278222,1,20.625,186.0,-11.46,3.42,4.67,3.09,3.0
300,51.9885307,5.6666783,1.0,1621002499126054067,1,20.625,187.0,-63.92,3.34,4.44,3.13,3.0
301,51.9885323,5.6666685,1.0,1621002500064572949,1,20.625,186.0,-85.51,3.3,4.45,3.13,3.0
302,51.9885328,5.6666583,1.0,1621002501066745403,1,20.687,186.0,-150.31,3.2,4.59,3.11,3.0
303,51.9885325,5.6666482,1.0,1621002502065609974,1,20.687,187.0,-176.53,3.16,4.63,3.1,3.0
304,51.9885328,5.6666373,1.0,1621002503076029324,1,20.687,185.0,-201.22,3.12,4.58,3.11,3.0
305,51.988532,5.666626,1.0,1621002504068654486,1,20.687,185.0,-201.22,3.12,4.58,3.11,3.0
306,51.9885302,5.6666153,1.0,1621002505065287334,1,20.687,186.0,-233.62,3.07,4.73,3.08,3.0
307,51.9885287,5.666606,1.0,1621002506063365435,1,20.75,187.0,-259.84,3.03,4.5,3.12,3.0
308,51.9885268,5.6665998,1.0,1621002507057046796,1,20.75,187.0,-259.84,3.03,4.5,3.12,3.0
309,51.9885247,5.6665962,1.0,1621002508059844662,1,20.75,185.0,-270.64,3.01,4.63,3.1,3.0
310,51.9885228,5.6665927,1.0,1621002509059013554,1,20.75,186.0,-281.44,2.99,4.65,3.09,3.0
311,51.9885213,5.6665903,1.0,1621002510164308219,1,20.75,185.0,-299.95,2.96,4.74,3.08,3.0
312,51.98852,5.666588,1.0,1621002511060133543,1,20.75,185.0,-299.95,2.96,4.74,3.08,3.0
313,51.9885183,5.6665852,1.0,1621002512059552875,1,20.75,185.0,-306.12,2.95,4.63,3.1,3.0
314,51.9885165,5.6665827,1.0,1621002513062068244,1,20.75,186.0,-307.67,2.95,4.55,3.11,3.0
315,51.9885153,5.6665803,1.0,1621002514055579787,1,20.75,185.0,-309.21,2.95,4.82,3.06,3.0
316,51.9885145,5.6665778,1.0,1621002515061248065,1,20.75,185.0,-309.21,2.95,4.76,3.07,3.0
317,51.9885138,5.6665757,1.0,1621002516093246162,1,20.75,186.0,-312.29,2.94,4.76,3.07,3.0
318,51.9885128,5.6665733,1.0,1621002517059248164,1,20.687,185.0,-312.29,2.94,4.71,3.08,3.0
319,51.9885117,5.6665715,1.0,1621002518058867876,1,20.75,185.0,-313.84,2.94,4.69,3.09,3.0
320,51.9885102,5.6665692,1.0,1621002519059590729,1,20.75,185.0,-307.67,2.95,4.83,3.06,3.0
321,51.9885087,5.6665638,1.0,1621002520058920936,1,20.75,185.0,-287.61,2.98,4.81,3.06,3.0
322,51.9885075,5.6665567,1.0,1621002521059360294,1,20.687,187.0,-239.79,3.06,4.62,3.1,3.0
323,51.9885072,5.6665493,1.0,1621002522061692189,1,20.75,185.0,-184.25,3.15,4.62,3.1,3.0
324,51.9885087,5.6665407,1.0,1621002523062663761,1,20.687,187.0,-87.06,3.3,4.58,3.11,3.0
325,51.9885112,5.6665333,1.0,1621002524169467102,1,20.687,185.0,81.1,3.57,4.54,3.12,3.0
326,51.9885138,5.6665275,1.0,1621002525165435023,1,20.687,185.0,229.2,3.8,4.42,3.14,3.0
327,51.9885178,5.666524,1.0,1621002526060027153,1,20.687,185.0,229.2,3.8,4.42,3.14,3.0
328,51.988522,5.6665213,1.0,1621002527066646399,1,20.687,185.0,193.72,3.75,4.38,3.14,3.0
329,51.9885257,5.6665205,1.0,1621002528060000665,1,20.687,185.0,261.6,3.85,4.5,3.12,3.0
330,51.9885292,5.6665237,1.0,1621002529063675673,1,20.687,185.0,261.6,3.85,4.5,3.12,3.0
331,51.9885315,5.6665285,1.0,1621002530058640739,1,20.687,185.0,283.2,3.89,4.54,3.12,3.0
332,51.988533,5.6665355,1.0,1621002531062211318,1,20.687,186.0,173.66,3.71,4.69,3.09,3.0
333,51.988535,5.6665438,1.0,1621002532066303232,1,20.687,186.0,181.38,3.73,4.38,3.14,3.0
334,51.9885382,5.6665522,1.0,1621002533065126597,1,20.687,186.0,190.63,3.74,4.13,3.19,3.0
335,51.9885407,5.6665607,1.0,1621002534065403581,1,20.687,185.0,204.52,3.76,4.64,3.1,3.0
336,51.9885437,5.6665687,1.0,1621002535064841794,1,20.687,185.0,243.09,3.82,4.45,3.13,3.0
337,51.9885462,5.6665767,1.0,1621002536060467960,1,20.687,185.0,243.09,3.82,4.45,3.13,3.0
338,51.9885493,5.6665847,1.0,1621002537064326969,1,20.687,185.0,263.14,3.85,4.35,3.15,3.0
339,51.9885515,5.666591,1.0,1621002538063221988,1,20.687,185.0,278.57,3.88,4.4,3.14,3.0
340,51.9885542,5.666597,1.0,1621002539063774454,1,20.687,185.0,235.37,3.81,4.58,3.11,3.0
341,51.9885563,5.666604,1.0,1621002540064311934,1,20.687,185.0,202.98,3.76,4.38,3.14,3.0
342,51.988559,5.666612,1.0,1621002541066097109,1,20.687,186.0,165.95,3.7,4.37,3.15,3.0
343,51.9885615,5.666621,1.0,1621002542065327597,1,20.687,185.0,190.63,3.74,4.41,3.14,3.0
344,51.9885645,5.6666298,1.0,1621002543059721165,1,20.687,185.0,209.15,3.77,4.41,3.14,3.0
345,51.9885675,5.6666378,1.0,1621002544063115214,1,20.687,186.0,223.03,3.79,4.35,3.15,3.0
346,51.98857,5.6666452,1.0,1621002545168048617,1,20.687,185.0,235.37,3.81,4.38,3.14,3.0
347,51.9885725,5.6666528,1.0,1621002546089517439,1,20.687,185.0,190.63,3.74,4.4,3.14,3.0
348,51.988576,5.6666613,1.0,1621002547058326787,1,20.687,185.0,190.63,3.74,4.4,3.14,3.0
349,51.9885792,5.6666697,1.0,1621002548062958723,1,20.687,185.0,221.49,3.79,4.49,3.13,3.0
350,51.9885818,5.6666783,1.0,1621002549064161625,1,20.625,186.0,178.29,3.72,4.28,3.16,3.0
351,51.9885845,5.6666868,1.0,1621002550065046017,1,20.625,186.0,179.83,3.72,4.28,3.16,3.0
352,51.988587,5.6666952,1.0,1621002551064147546,1,20.625,187.0,181.38,3.73,4.28,3.16,3.0
353,51.988589,5.6667043,1.0,1621002552063324178,1,20.625,186.0,148.98,3.67,4.58,3.11,3.0
354,51.9885898,5.666714,1.0,1621002554186891266,1,20.625,187.0,111.96,3.62,4.33,3.15,3.0
355,51.9885913,5.6667242,1.0,1621002554187015068,1,20.625,187.0,111.96,3.62,4.33,3.15,3.0
356,51.988593,5.6667333,1.0,1621002555154032581,1,20.625,186.0,142.81,3.66,4.31,3.16,3.0
357,51.9885935,5.6667432,1.0,1621002556063325261,1,20.687,185.0,93.44,3.59,4.24,3.17,3.0
358,51.9885935,5.6667532,1.0,1621002557065158604,1,20.625,186.0,119.67,3.63,4.46,3.13,3.0
359,51.9885932,5.6667615,1.0,1621002558064026467,1,20.625,186.0,119.67,3.63,4.46,3.13,3.0
360,51.9885932,5.6667705,1.0,1621002559064678251,1,20.625,186.0,121.21,3.63,4.27,3.17,3.0
361,51.9885932,5.6667798,1.0,1621002560069769213,1,20.625,186.0,111.96,3.62,4.24,3.17,3.0
362,51.9885928,5.6667878,1.0,1621002561066626373,1,20.625,186.0,115.04,3.62,4.47,3.13,3.0
363,51.9885922,5.6667967,1.0,1621002562063466909,1,20.625,186.0,74.93,3.56,4.41,3.14,3.0
364,51.9885917,5.6668058,1.0,1621002563063646082,1,20.625,186.0,79.56,3.56,4.36,3.15,3.0
365,51.988591,5.6668145,1.0,1621002564063853726,1,20.562,186.0,102.7,3.6,4.33,3.15,3.0
366,51.9885898,5.6668213,1.0,1621002565060005886,1,20.562,186.0,61.05,3.54,4.35,3.15,3.0
367,51.9885878,5.6668287,1.0,1621002566062185452,1,20.562,186.0,24.02,3.48,4.6,3.1,3.0
368,51.988585,5.6668353,1.0,1621002567064345557,1,20.562,186.0,-50.03,3.36,4.58,3.11,3.0
369,51.988582,5.6668402,1.0,1621002568063806464,1,20.5,186.0,-119.45,3.25,4.62,3.1,3.0
370,51.9885803,5.666844,1.0,1621002569066738539,1,20.5,186.0,-190.42,3.14,4.27,3.17,3.0
371,51.9885787,5.6668448,1.0,1621002570062916917,1,20.5,186.0,-256.76,3.03,4.63,3.1,3.0
372,51.9885745,5.6668438,1.0,1621002571063487665,1,20.5,186.0,-298.41,2.97,4.6,3.1,3.0
373,51.9885705,5.6668397,1.0,1621002572056193557,1,20.5,186.0,-327.72,2.92,4.65,3.09,3.0
374,51.9885673,5.6668353,1.0,1621002573057393987,1,20.5,186.0,-327.72,2.92,4.65,3.09,3.0
375,51.9885652,5.6668285,1.0,1621002574057051286,1,20.5,186.0,-284.53,2.99,4.58,3.11,3.0
376,51.9885638,5.666821,1.0,1621002575064965483,1,20.5,186.0,-238.24,3.06,4.4,3.14,3.0
377,51.9885637,5.6668103,1.0,1621002576097215943,1,20.5,186.0,-238.24,3.06,4.4,3.14,3.0
378,51.9885645,5.6667978,1.0,1621002577062173088,1,20.5,186.0,-187.33,3.14,4.64,3.1,3.0
379,51.9885667,5.666789,1.0,1621002578063333224,1,20.562,186.0,44.08,3.51,4.5,3.12,3.0
380,51.9885687,5.666781,1.0,1621002579063345534,1,20.562,186.0,196.8,3.75,4.22,3.18,3.0
381,51.9885733,5.6667757,1.0,1621002580064869481,1,20.562,186.0,196.8,3.75,4.22,3.18,3.0
382,51.9885773,5.6667708,1.0,1621002581063589555,1,20.625,186.0,270.86,3.87,4.45,3.13,3.0
383,51.9885807,5.6667638,1.0,1621002582062872361,1,20.625,186.0,170.58,3.71,4.41,3.14,3.0
384,51.988583,5.6667562,1.0,1621002583061445747,1,20.625,186.0,170.58,3.71,4.41,3.14,3.0
385,51.9885833,5.6667483,1.0,1621002584064207241,1,20.562,186.0,-25.35,3.4,4.5,3.12,3.0
386,51.9885832,5.66674,1.0,1621002585072291805,1,20.562,186.0,-165.74,3.18,4.67,3.09,3.0
387,51.9885818,5.6667315,1.0,1621002586059731264,1,20.562,186.0,-261.38,3.02,4.82,3.06,3.0
388,51.9885788,5.6667252,1.0,1621002587063389602,1,20.562,186.0,-286.07,2.99,4.62,3.1,3.0
389,51.9885763,5.6667193,1.0,1621002588060158303,1,20.562,186.0,-326.18,2.92,4.71,3.08,3.0
390,51.9885718,5.666716,1.0,1621002589068830928,1,20.562,186.0,-329.26,2.92,4.62,3.1,3.0
391,51.9885675,5.6667147,1.0,1621002590063523425,1,20.625,186.0,-301.5,2.96,4.49,3.13,3.0
392,51.9885632,5.6667155,1.0,1621002591058713333,1,20.625,186.0,-259.84,3.03,4.46,3.13,3.0
393,51.9885595,5.6667203,1.0,1621002592062197388,1,20.625,186.0,-208.93,3.11,4.54,3.12,3.0
394,51.9885558,5.6667257,1.0,1621002593059638035,1,20.625,186.0,-88.6,3.3,4.58,3.11,3.0
395,51.988554,5.6667307,1.0,1621002594060168087,1,20.625,186.0,-23.8,3.4,4.56,3.11,3.0
396,51.9885537,5.6667367,1.0,1621002595059234751,1,20.625,186.0,101.16,3.6,4.46,3.13,3.0
397,51.9885548,5.6667423,1.0,1621002596063365460,1,20.625,187.0,187.55,3.74,4.44,3.13,3.0
398,51.9885563,5.6667477,1.0,1621002597063708789,1,20.625,186.0,187.55,3.74,4.58,3.11,3.0
399,51.988557,5.6667537,1.0,1621002598064405901,1,20.625,186.0,187.55,3.74,4.58,3.11,3.0
400,51.9885553,5.6667595,1.0,1621002599058362374,1,20.687,185.0,108.87,3.61,4.44,3.13,3.0
401,51.988554,5.6667652,1.0,1621002600059777617,1,20.687,185.0,50.25,3.52,4.44,3.13,3.0
402,51.9885517,5.6667705,1.0,1621002601058157271,1,20.687,185.0,50.25,3.52,4.44,3.13,3.0
403,51.9885498,5.6667748,1.0,1621002602057636489,1,20.687,186.0,-57.74,3.35,4.55,3.11,3.0
404,51.9885495,5.6667787,1.0,1621002603055037023,1,20.687,186.0,-250.59,3.04,4.67,3.09,3.0
405,51.9885447,5.6667797,1.0,1621002604060008420,1,20.687,185.0,-298.41,2.97,4.67,3.09,3.0
406,51.988539,5.6667787,1.0,1621002605058727075,1,20.687,185.0,-298.41,2.97,4.67,3.09,3.0
407,51.988534,5.6667752,1.0,1621002606093284098,1,20.687,186.0,-329.26,2.92,4.63,3.1,3.0
408,51.9885307,5.6667698,1.0,1621002607058969682,1,20.687,185.0,-323.09,2.93,4.59,3.11,3.0
409,51.9885278,5.6667622,1.0,1621002608056376509,1,20.687,186.0,-275.27,3.0,4.62,3.1,3.0
410,51.988528,5.6667542,1.0,1621002609061044612,1,20.75,186.0,-218.19,3.09,4.45,3.13,3.0
411,51.9885292,5.6667472,1.0,1621002610061812969,1,20.75,185.0,-104.03,3.27,4.62,3.1,3.0
412,51.9885308,5.6667417,1.0,1621002611061319666,1,20.75,185.0,99.61,3.6,4.42,3.14,3.0
413,51.988534,5.666738,1.0,1621002612059127477,1,20.75,185.0,247.71,3.83,4.2,3.18,3.0
414,51.9885373,5.6667348,1.0,1621002613056200229,1,20.75,185.0,250.8,3.84,4.38,3.14,3.0
415,51.9885405,5.6667332,1.0,1621002614179044043,1,20.687,186.0,204.52,3.76,4.33,3.15,3.0
416,51.9885433,5.6667323,1.0,1621002615157290869,1,20.687,185.0,249.26,3.83,4.47,3.13,3.0
417,51.9885478,5.6667313,1.0,1621002616072154653,1,20.75,184.0,218.4,3.78,4.38,3.14,3.0
418,51.9885515,5.666728,1.0,1621002617058404214,1,20.687,185.0,255.43,3.84,4.44,3.13,3.0
419,51.9885532,5.6667235,1.0,1621002618057472845,1,20.625,185.0,152.07,3.68,4.51,3.12,3.0
420,51.988554,5.6667168,1.0,1621002619059474129,1,20.625,185.0,152.07,3.68,4.51,3.12,3.0
421,51.9885538,5.6667103,1.0,1621002620064225589,1,20.562,186.0,-242.87,3.05,4.85,3.06,3.0
422,51.9885525,5.6667062,1.0,1621002621058193310,1,20.562,184.0,-321.55,2.93,4.72,3.08,3.0
423,51.988549,5.666704,1.0,1621002622058946716,1,20.562,182.0,-336.98,2.91,4.68,3.09,3.0
424,51.9885457,5.666704,1.0,1621002623058345127,1,20.562,182.0,-336.98,2.91,4.68,3.09,3.0
425,51.9885418,5.6667058,1.0,1621002624054305677,1,20.437,186.0,-238.24,3.06,4.33,3.15,3.0
426,51.9885377,5.666711,1.0,1621002625062807534,1,20.437,186.0,-162.65,3.18,4.51,3.12,3.0
427,51.9885345,5.6667177,1.0,1621002626068378124,1,20.437,186.0,-162.65,3.18,4.51,3.12,3.0
428,51.9885318,5.6667247,1.0,1621002627062372547,1,20.437,186.0,-54.66,3.35,4.46,3.13,3.0
429,51.98853,5.6667323,1.0,1621002628062027567,1,20.5,186.0,28.65,3.48,4.45,3.13,3.0
430,51.98853,5.6667387,1.0,1621002629063809010,1,20.625,184.0,156.69,3.69,4.4,3.14,3.0
431,51.9885305,5.6667468,1.0,1621002630066288138,1,20.625,184.0,156.69,3.69,4.4,3.14,3.0
432,51.9885312,5.6667548,1.0,1621002631062225410,1,20.562,186.0,122.75,3.63,4.51,3.12,3.0
433,51.9885305,5.6667615,1.0,1621002632062568799,1,20.5,186.0,98.07,3.59,4.38,3.14,3.0
434,51.9885285,5.6667687,1.0,1621002633057700262,1,20.5,186.0,56.42,3.53,4.14,3.19,3.0
435,51.9885257,5.6667745,1.0,1621002634054862124,1,20.562,182.0,0.88,3.44,4.19,3.18,3.0
436,51.9885222,5.6667797,1.0,1621002635077192808,1,20.5,184.0,-108.65,3.27,4.49,3.13,3.0
437,51.9885188,5.6667817,1.0,1621002636089770121,1,20.437,187.0,-210.47,3.11,4.47,3.13,3.0
438,51.9885145,5.6667822,1.0,1621002637056787811,1,20.437,186.0,-258.3,3.03,4.54,3.12,3.0
439,51.9885098,5.666779,1.0,1621002638056773489,1,20.5,186.0,-306.12,2.95,4.56,3.11,3.0
440,51.9885055,5.6667752,1.0,1621002639057597877,1,20.625,186.0,-330.81,2.92,4.67,3.09,3.0
441,51.9885022,5.666769,1.0,1621002640062222766,1,20.625,186.0,-321.55,2.93,4.62,3.1,3.0
442,51.9884978,5.6667608,1.0,1621002641061299646,1,20.625,186.0,-321.55,2.93,4.62,3.1,3.0
443,51.9884942,5.6667528,1.0,1621002642063649806,1,20.687,187.0,-293.78,2.97,4.54,3.12,3.0
444,51.9884907,5.6667437,1.0,1621002643058261520,1,20.687,187.0,-273.73,3.01,4.56,3.11,3.0
445,51.9884875,5.6667343,1.0,1621002644062623933,1,20.719,186.0,-272.18,3.01,4.46,3.13,3.0
446,51.9884847,5.6667258,1.0,1621002645171092475,1,20.75,186.0,-272.18,3.01,4.67,3.09,3.0
447,51.9884827,5.6667165,1.0,1621002646061113843,1,20.75,185.0,-255.21,3.03,4.54,3.12,3.0
448,51.9884807,5.6667052,1.0,1621002647063190360,1,20.75,186.0,-255.21,3.03,4.6,3.1,3.0
449,51.9884787,5.6666937,1.0,1621002648061656850,1,20.75,186.0,-255.21,3.03,4.6,3.1,3.0
450,51.988476,5.6666828,1.0,1621002649061606232,1,20.687,185.0,-262.93,3.02,4.54,3.12,3.0
451,51.9884735,5.6666725,1.0,1621002650062897928,1,20.687,187.0,-276.81,3.0,4.6,3.1,3.0
452,51.9884713,5.6666622,1.0,1621002651066982079,1,20.687,187.0,-276.81,3.0,4.6,3.1,3.0
453,51.9884677,5.666653,1.0,1621002652058238941,1,20.75,185.0,-289.15,2.98,4.68,3.09,3.0
454,51.9884635,5.6666445,1.0,1621002653061187888,1,20.75,187.0,-303.04,2.96,4.6,3.1,3.0
455,51.9884588,5.666637,1.0,1621002654062222113,1,20.75,186.0,-320.01,2.93,4.6,3.1,3.0
456,51.988453,5.6666297,1.0,1621002655062292328,1,20.75,186.0,-320.01,2.93,4.6,3.1,3.0
457,51.988446,5.6666237,1.0,1621002656066122494,1,20.75,187.0,-321.55,2.93,4.47,3.13,3.0
458,51.9884408,5.6666185,1.0,1621002657062578715,1,20.75,187.0,-321.55,2.93,4.65,3.09,3.0
459,51.9884365,5.6666133,1.0,1621002658061177551,1,20.75,185.0,-330.81,2.92,4.71,3.08,3.0
460,51.9884317,5.6666085,1.0,1621002659063830962,1,20.75,185.0,-330.81,2.92,4.37,3.15,3.0
461,51.9884273,5.666603,1.0,1621002660063006709,1,20.75,185.0,-333.89,2.91,4.69,3.09,3.0
462,51.988425,5.6665975,1.0,1621002661071968448,1,20.75,185.0,-327.72,2.92,4.46,3.13,3.0
463,51.988423,5.6665905,1.0,1621002662065596326,1,20.75,185.0,-286.07,2.99,4.77,3.07,3.0
464,51.9884227,5.666584,1.0,1621002663056127041,1,20.687,185.0,-255.21,3.03,4.73,3.08,3.0
465,51.9884237,5.6665752,1.0,1621002664152076964,1,20.687,184.0,-210.47,3.11,4.5,3.12,3.0
466,51.9884253,5.6665672,1.0,1621002665065296275,1,20.625,186.0,-105.57,3.27,4.45,3.13,3.0
467,51.988429,5.6665593,1.0,1621002666089962165,1,20.625,186.0,-105.57,3.27,4.45,3.13,3.0
468,51.9884327,5.6665527,1.0,1621002667062395828,1,20.5,184.0,186.01,3.73,4.14,3.19,3.0
469,51.9884368,5.6665483,1.0,1621002668060536590,1,20.437,184.0,267.77,3.86,4.28,3.16,3.0
470,51.9884417,5.6665447,1.0,1621002669061889314,1,20.437,184.0,267.77,3.86,4.28,3.16,3.0
471,51.988447,5.6665425,1.0,1621002670067376686,1,20.437,186.0,273.94,3.87,4.44,3.13,3.0
472,51.9884512,5.6665407,1.0,1621002671061628767,1,20.437,186.0,230.74,3.8,4.4,3.14,3.0
473,51.9884567,5.6665425,1.0,1621002672060928611,1,20.5,184.0,256.97,3.85,4.37,3.15,3.0
474,51.9884625,5.666544,1.0,1621002673062315669,1,20.5,184.0,256.97,3.85,4.37,3.15,3.0
475,51.9884678,5.6665458,1.0,1621002674061317887,1,20.437,186.0,290.91,3.9,4.26,3.17,3.0
476,51.9884732,5.6665493,1.0,1621002675061516075,1,20.5,187.0,290.91,3.9,4.26,3.17,3.0
477,51.9884765,5.6665533,1.0,1621002676056248253,1,20.5,187.0,290.91,3.9,4.26,3.17,3.0
478,51.988478,5.6665588,1.0,1621002677076600304,1,20.562,186.0,267.77,3.86,4.4,3.14,3.0
479,51.9884798,5.6665655,1.0,1621002678062873073,1,20.562,186.0,227.66,3.8,4.41,3.14,3.0
480,51.9884823,5.6665733,1.0,1621002679058197179,1,20.656,186.0,186.01,3.73,4.38,3.14,3.0
481,51.9884845,5.6665812,1.0,1621002680062514941,1,20.687,185.0,175.21,3.72,4.45,3.13,3.0
482,51.9884842,5.6665882,1.0,1621002681059107543,1,20.687,185.0,175.21,3.72,4.37,3.15,3.0
483,51.988484,5.6665977,1.0,1621002682062181197,1,20.687,186.0,145.9,3.67,4.45,3.13,3.0
484,51.988484,5.6666067,1.0,1621002683062695039,1,20.687,187.0,116.58,3.62,4.36,3.15,3.0
485,51.988484,5.6666168,1.0,1621002684061610558,1,20.687,186.0,119.67,3.63,4.35,3.15,3.0
486,51.9884847,5.6666265,1.0,1621002685060814045,1,20.75,187.0,130.47,3.65,4.41,3.14,3.0
487,51.9884858,5.6666363,1.0,1621002686064963678,1,20.75,185.0,156.69,3.69,4.37,3.15,3.0
488,51.9884875,5.6666462,1.0,1621002687063705800,1,20.75,186.0,158.24,3.69,4.44,3.13,3.0
489,51.98849,5.6666558,1.0,1621002688064746714,1,20.75,185.0,184.46,3.73,4.29,3.16,3.0
490,51.9884927,5.6666645,1.0,1621002689062667901,1,20.75,185.0,196.8,3.75,4.37,3.15,3.0
491,51.9884945,5.6666733,1.0,1621002690066931274,1,20.75,185.0,170.58,3.71,4.4,3.14,3.0
492,51.988497,5.6666823,1.0,1621002691062198800,1,20.75,185.0,170.58,3.71,4.4,3.14,3.0
493,51.9885,5.6666897,1.0,1621002692065570463,1,20.687,187.0,198.35,3.75,4.23,3.17,3.0
494,51.9885018,5.6666973,1.0,1621002693062633628,1,20.687,187.0,148.98,3.67,4.41,3.14,3.0
495,51.988504,5.6667078,1.0,1621002694062484017,1,20.687,187.0,148.98,3.67,4.41,3.14,3.0
496,51.9885057,5.6667183,1.0,1621002695064190311,1,20.687,187.0,139.72,3.66,4.44,3.13,3.0
497,51.9885083,5.6667275,1.0,1621002696101562568,1,20.75,187.0,187.55,3.74,4.44,3.13,3.0
498,51.9885112,5.6667357,1.0,1621002697064415144,1,20.75,187.0,199.89,3.75,4.32,3.16,3.0
499,51.9885135,5.666744,1.0,1621002698065924604,1,20.75,187.0,199.89,3.75,4.32,3.16,3.0
500,51.9885155,5.6667527,1.0,1621002699062524100,1,20.75,185.0,182.92,3.73,4.37,3.15,3.0
501,51.9885175,5.6667622,1.0,1621002700057171571,1,20.687,187.0,159.78,3.69,4.38,3.14,3.0
502,51.9885195,5.6667702,1.0,1621002701072410922,1,20.687,187.0,159.78,3.69,4.38,3.14,3.0
503,51.9885202,5.6667765,1.0,1621002702061442719,1,20.625,187.0,148.98,3.67,4.45,3.13,3.0
504,51.9885203,5.6667848,1.0,1621002703057497513,1,20.687,187.0,101.16,3.6,4.51,3.12,3.0
505,51.9885205,5.6667942,1.0,1621002704061251870,1,20.687,187.0,99.61,3.6,4.51,3.12,3.0
506,51.9885212,5.6668043,1.0,1621002705173878447,1,20.75,187.0,122.75,3.63,4.35,3.15,3.0
507,51.9885222,5.6668147,1.0,1621002706059988311,1,20.75,187.0,138.18,3.66,4.32,3.16,3.0
508,51.9885242,5.6668252,1.0,1621002707061548162,1,20.75,187.0,159.78,3.69,4.45,3.13,3.0
509,51.9885267,5.666835,1.0,1621002708062298774,1,20.75,187.0,175.21,3.72,4.45,3.13,3.0
510,51.9885293,5.6668447,1.0,1621002709061833045,1,20.75,187.0,187.55,3.74,4.41,3.14,3.0
511,51.9885327,5.6668542,1.0,1621002710067131608,1,20.812,187.0,195.26,3.75,4.46,3.13,3.0
512,51.9885363,5.6668617,1.0,1621002711063650989,1,20.812,187.0,221.49,3.79,4.36,3.15,3.0
513,51.9885395,5.6668683,1.0,1621002712060264508,1,20.812,187.0,238.46,3.82,4.38,3.14,3.0
514,51.9885425,5.6668748,1.0,1621002713060728153,1,20.812,187.0,212.23,3.77,4.53,3.12,3.0
515,51.9885437,5.6668818,1.0,1621002714056923661,1,20.75,187.0,170.58,3.71,4.64,3.1,3.0
516,51.9885443,5.6668882,1.0,1621002715059846626,1,20.812,187.0,111.96,3.62,4.51,3.12,3.0
517,51.9885433,5.666894,1.0,1621002716058949419,1,20.812,187.0,111.96,3.62,4.51,3.12,3.0
518,51.9885417,5.6668983,1.0,1621002717160786747,1,20.75,187.0,61.05,3.54,4.76,3.07,3.0
519,51.9885388,5.6669013,1.0,1621002718058458783,1,20.812,186.0,-179.62,3.15,4.67,3.09,3.0
520,51.9885348,5.6669033,1.0,1621002719059611056,1,20.781,186.0,-218.19,3.09,4.91,3.04,3.0
521,51.988531,5.6669027,1.0,1621002720061527037,1,20.75,187.0,-256.76,3.03,4.8,3.07,3.0
522,51.9885272,5.6669008,1.0,1621002721058708409,1,20.75,187.0,-312.29,2.94,4.64,3.1,3.0
523,51.9885235,5.6668967,1.0,1621002722059526798,1,20.812,187.0,-327.72,2.92,4.62,3.1,3.0
524,51.9885203,5.6668892,1.0,1621002723059440875,1,20.812,187.0,-327.72,2.92,4.62,3.1,3.0
525,51.9885178,5.6668798,1.0,1621002724060095739,1,20.75,187.0,-281.44,2.99,4.63,3.1,3.0
526,51.9885157,5.6668708,1.0,1621002725058404429,1,20.812,187.0,-281.44,2.99,4.62,3.1,3.0
527,51.988514,5.6668612,1.0,1621002726099942968,1,20.812,187.0,-278.35,3.0,4.62,3.1,3.0
528,51.9885127,5.6668512,1.0,1621002727060347015,1,20.812,187.0,-252.13,3.04,4.71,3.08,3.0
529,51.9885103,5.6668408,1.0,1621002728061660729,1,20.812,187.0,-253.67,3.04,4.62,3.1,3.0
530,51.9885085,5.6668307,1.0,1621002729060696443,1,20.812,187.0,-262.93,3.02,4.64,3.1,3.0
531,51.9885078,5.6668217,1.0,1621002730058313655,1,20.812,187.0,-253.67,3.04,4.63,3.1,3.0
532,51.988507,5.6668112,1.0,1621002731061424693,1,20.812,187.0,-221.27,3.09,4.49,3.13,3.0
533,51.9885063,5.6668005,1.0,1621002732059586890,1,20.812,187.0,-222.82,3.09,4.51,3.12,3.0
534,51.9885058,5.6667908,1.0,1621002733062129477,1,20.812,187.0,-218.19,3.09,4.53,3.12,3.0
535,51.9885053,5.6667798,1.0,1621002734067331337,1,20.812,187.0,-218.19,3.09,4.53,3.12,3.0
536,51.988505,5.6667687,1.0,1621002735165478928,1,20.812,187.0,-207.39,3.11,4.59,3.11,3.0
537,51.988505,5.6667575,1.0,1621002736059097012,1,20.812,187.0,-202.76,3.12,4.62,3.1,3.0
538,51.9885045,5.6667457,1.0,1621002737061664146,1,20.812,185.0,-219.73,3.09,4.51,3.12,3.0
539,51.9885033,5.6667347,1.0,1621002738062958012,1,20.812,185.0,-219.73,3.09,4.51,3.12,3.0
540,51.9885017,5.6667245,1.0,1621002739059510740,1,20.75,185.0,-249.04,3.04,4.6,3.1,3.0
541,51.9885005,5.6667155,1.0,1621002740060559207,1,20.75,185.0,-232.07,3.07,4.65,3.09,3.0
542,51.9885,5.6667055,1.0,1621002741060528839,1,20.75,185.0,-232.07,3.07,4.65,3.09,3.0
543,51.988499,5.666695,1.0,1621002742059170076,1,20.687,185.0,-216.65,3.1,4.58,3.11,3.0
544,51.9884982,5.6666845,1.0,1621002743058370118,1,20.687,187.0,-204.3,3.12,4.58,3.11,3.0
545,51.9884975,5.6666737,1.0,1621002744061576692,1,20.75,187.0,-216.65,3.1,4.49,3.13,3.0
546,51.9884965,5.6666622,1.0,1621002745060938883,1,20.75,187.0,-216.65,3.1,4.49,3.13,3.0
547,51.9884952,5.6666512,1.0,1621002746059584989,1,20.75,186.0,-235.16,3.07,4.45,3.13,3.0
548,51.9884937,5.6666402,1.0,1621002747060735211,1,20.687,185.0,-269.1,3.01,4.55,3.11,3.0
549,51.9884913,5.6666293,1.0,1621002748059720856,1,20.687,185.0,-269.1,3.01,4.55,3.11,3.0
550,51.9884885,5.6666187,1.0,1621002749061981344,1,20.687,186.0,-281.44,2.99,4.62,3.1,3.0
551,51.9884848,5.6666085,1.0,1621002750060015610,1,20.687,185.0,-296.87,2.97,4.59,3.11,3.0
552,51.9884822,5.6665992,1.0,1621002751061709427,1,20.625,186.0,-307.67,2.95,4.59,3.11,3.0
553,51.988478,5.6665912,1.0,1621002752061726700,1,20.625,187.0,-323.09,2.93,4.62,3.1,3.0
554,51.988473,5.6665838,1.0,1621002753059721863,1,20.625,187.0,-327.72,2.92,4.44,3.13,3.0
555,51.9884672,5.6665768,1.0,1621002754058913543,1,20.687,187.0,-329.26,2.92,4.69,3.09,3.0
556,51.9884627,5.666571,1.0,1621002755062657046,1,20.687,187.0,-330.81,2.92,4.67,3.09,3.0
557,51.9884563,5.6665658,1.0,1621002756058588159,1,20.75,187.0,-330.81,2.92,4.73,3.08,3.0
558,51.9884507,5.6665617,1.0,1621002757077061381,1,20.812,187.0,-330.81,2.92,4.98,3.03,3.0
559,51.9884442,5.666558,1.0,1621002758069365493,1,20.812,187.0,-324.64,2.92,4.72,3.08,3.0
560,51.988438,5.6665553,1.0,1621002759062137560,1,20.812,187.0,-324.64,2.92,4.72,3.08,3.0
561,51.9884317,5.6665528,1.0,1621002760061308651,1,20.75,185.0,-307.67,2.95,4.62,3.1,3.0
562,51.988426,5.6665515,1.0,1621002761057664130,1,20.75,187.0,-298.41,2.97,4.96,3.03,3.0
563,51.9884198,5.6665515,1.0,1621002762061240961,1,20.75,183.0,-295.32,2.97,4.58,3.11,3.0
564,51.988415,5.6665518,1.0,1621002763080036886,1,20.75,183.0,-295.32,2.97,4.58,3.11,3.0
565,51.9884117,5.6665523,1.0,1621002764055751428,1,20.625,187.0,-284.53,2.99,4.67,3.09,3.0
566,51.9884082,5.666553,1.0,1621002765060709172,1,20.562,188.0,-281.44,2.99,4.67,3.09,3.0
567,51.988406,5.6665533,1.0,1621002766057262057,1,20.562,188.0,-281.44,2.99,4.67,3.09,3.0
568,51.9884033,5.6665535,1.0,1621002767065601278,1,20.625,187.0,-273.73,3.01,4.55,3.11,3.0
569,51.9884013,5.6665535,1.0,1621002768059735575,1,20.625,187.0,-272.18,3.01,4.72,3.08,3.0
570,51.988398,5.6665545,1.0,1621002769055018223,1,20.687,186.0,-261.38,3.02,4.65,3.09,3.0
571,51.9883943,5.6665567,1.0,1621002770059764992,1,20.687,186.0,-261.38,3.02,4.65,3.09,3.0
572,51.988391,5.6665588,1.0,1621002771058369049,1,20.687,187.0,-184.25,3.15,4.6,3.1,3.0
573,51.9883897,5.6665637,1.0,1621002772053344845,1,20.687,185.0,-6.83,3.43,4.58,3.11,3.0
574,51.9883908,5.6665708,1.0,1621002773060884693,1,20.75,187.0,74.93,3.56,4.54,3.12,3.0
575,51.9883925,5.6665802,1.0,1621002774066881348,1,20.75,186.0,124.3,3.64,4.46,3.13,3.0
576,51.9883945,5.66659,1.0,1621002775059963386,1,20.75,187.0,165.95,3.7,4.42,3.14,3.0
577,51.9883972,5.6665993,1.0,1621002776061685243,1,20.75,186.0,184.46,3.73,4.46,3.13,3.0
578,51.9883998,5.6666075,1.0,1621002777058542651,1,20.687,185.0,202.98,3.76,4.45,3.13,3.0
579,51.9884052,5.6666157,1.0,1621002778058763992,1,20.687,185.0,243.09,3.82,4.5,3.12,3.0
580,51.9884108,5.6666223,1.0,1621002779060052286,1,20.687,187.0,287.83,3.89,4.41,3.14,3.0
581,51.9884168,5.666627,1.0,1621002780058425404,1,20.687,187.0,312.51,3.93,4.35,3.15,3.0
582,51.9884233,5.6666313,1.0,1621002781058180533,1,20.75,187.0,307.88,3.93,4.44,3.13,3.0
583,51.9884295,5.6666343,1.0,1621002782059131947,1,20.75,187.0,310.97,3.93,4.53,3.12,3.0
584,51.9884357,5.6666372,1.0,1621002783054656194,1,20.75,185.0,304.8,3.92,4.42,3.14,3.0
585,51.9884423,5.666639,1.0,1621002784057972838,1,20.75,185.0,304.8,3.92,4.42,3.14,3.0
586,51.988449,5.6666403,1.0,1621002785062277146,1,20.75,188.0,260.06,3.85,4.35,3.15,3.0
587,51.9884567,5.6666405,1.0,1621002786109387617,1,20.75,187.0,227.66,3.8,4.53,3.12,3.0
588,51.9884637,5.66664,1.0,1621002787065016055,1,20.75,187.0,204.52,3.76,4.62,3.1,3.0
589,51.98847,5.666639,1.0,1621002788060873984,1,20.75,187.0,204.52,3.76,4.62,3.1,3.0
590,51.9884765,5.6666355,1.0,1621002789059604319,1,20.812,187.0,215.32,3.78,4.54,3.12,3.0
591,51.9884815,5.6666317,1.0,1621002790055699095,1,20.812,185.0,284.74,3.89,4.45,3.13,3.0
592,51.9884868,5.6666282,1.0,1621002791061683712,1,20.812,185.0,284.74,3.89,4.45,3.13,3.0
593,51.9884915,5.666626,1.0,1621002792059228547,1,20.75,185.0,193.72,3.75,4.73,3.08,3.0
594,51.988496,5.6666247,1.0,1621002793059136798,1,20.75,185.0,193.72,3.75,4.42,3.14,3.0
595,51.9885005,5.6666253,1.0,1621002794059355884,1,20.625,187.0,286.28,3.89,4.4,3.14,3.0
596,51.9885053,5.6666282,1.0,1621002795169702527,1,20.625,187.0,286.28,3.89,4.4,3.14,3.0
597,51.9885097,5.6666317,1.0,1621002796058451248,1,20.562,188.0,287.83,3.89,4.41,3.14,3.0
598,51.9885152,5.6666362,1.0,1621002797060162092,1,20.625,187.0,323.31,3.95,4.42,3.14,3.0
599,51.9885197,5.6666445,1.0,1621002798063115691,1,20.687,186.0,287.83,3.89,4.36,3.15,3.0
600,51.9885215,5.6666498,1.0,1621002799054181883,1,20.687,185.0,269.31,3.86,4.38,3.14,3.0
601,51.9885237,5.666658,1.0,1621002800059793287,1,20.687,185.0,223.03,3.79,4.42,3.14,3.0
602,51.9885262,5.6666673,1.0,1621002801056015411,1,20.625,185.0,212.23,3.77,4.46,3.13,3.0
603,51.9885292,5.6666737,1.0,1621002802056106465,1,20.625,185.0,216.86,3.78,4.18,3.18,3.0
604,51.9885302,5.6666817,1.0,1621002803059640353,1,20.5,186.0,175.21,3.72,4.47,3.13,3.0
605,51.9885313,5.6666912,1.0,1621002804059303085,1,20.437,186.0,142.81,3.66,4.38,3.14,3.0
606,51.9885332,5.666702,1.0,1621002805058060226,1,20.437,186.0,181.38,3.73,4.37,3.15,3.0
607,51.988536,5.6667112,1.0,1621002806061705533,1,20.437,186.0,181.38,3.73,4.37,3.15,3.0
608,51.9885383,5.6667192,1.0,1621002807059346025,1,20.5,188.0,204.52,3.76,4.35,3.15,3.0
609,51.9885398,5.6667275,1.0,1621002808062548686,1,20.562,186.0,176.75,3.72,4.41,3.14,3.0
610,51.9885405,5.666735,1.0,1621002809058356159,1,20.562,186.0,176.75,3.72,4.41,3.14,3.0
611,51.9885413,5.6667417,1.0,1621002810062477400,1,20.562,187.0,142.81,3.66,4.44,3.13,3.0
612,51.9885415,5.6667473,1.0,1621002811053500516,1,20.687,187.0,113.5,3.62,4.4,3.14,3.0
613,51.9885413,5.666751,1.0,1621002812049849160,1,20.687,187.0,93.44,3.59,4.47,3.13,3.0
614,51.9885413,5.6667543,1.0,1621002813055080060,1,20.687,187.0,93.44,3.59,4.47,3.13,3.0
615,51.9885407,5.66676,1.0,1621002814056138588,1,20.75,187.0,82.64,3.57,4.45,3.13,3.0
616,51.9885393,5.6667677,1.0,1621002815062564883,1,20.75,186.0,50.25,3.52,4.47,3.13,3.0
617,51.9885387,5.6667765,1.0,1621002816093434183,1,20.75,186.0,50.25,3.52,4.47,3.13,3.0
618,51.9885375,5.666786,1.0,1621002817060248949,1,20.75,186.0,85.73,3.57,4.53,3.12,3.0
619,51.9885368,5.6667955,1.0,1621002818060285427,1,20.75,187.0,104.24,3.6,4.45,3.13,3.0
620,51.988537,5.6668058,1.0,1621002819051676985,1,20.75,185.0,124.3,3.64,4.44,3.13,3.0
621,51.9885373,5.666816,1.0,1621002820061027029,1,20.75,185.0,124.3,3.64,4.44,3.13,3.0
622,51.9885378,5.6668275,1.0,1621002821062498682,1,20.75,185.0,141.27,3.66,4.46,3.13,3.0
623,51.9885397,5.6668378,1.0,1621002822059736822,1,20.625,187.0,155.15,3.68,4.38,3.14,3.0
624,51.9885413,5.6668473,1.0,1621002823059362275,1,20.625,186.0,176.75,3.72,4.47,3.13,3.0
625,51.9885425,5.6668557,1.0,1621002824067016414,1,20.625,186.0,144.35,3.67,4.44,3.13,3.0
626,51.988543,5.6668638,1.0,1621002825058884484,1,20.562,188.0,110.41,3.61,4.44,3.13,3.0
627,51.9885427,5.666871,1.0,1621002826058863458,1,20.562,188.0,84.19,3.57,4.47,3.13,3.0
628,51.988541,5.666878,1.0,1621002827058943864,1,20.594,188.0,57.96,3.53,4.49,3.13,3.0
629,51.9885382,5.6668835,1.0,1621002828061191206,1,20.625,187.0,-67.0,3.33,4.55,3.11,3.0
630,51.9885352,5.6668867,1.0,1621002829059413072,1,20.687,187.0,-193.5,3.13,4.62,3.1,3.0
631,51.9885312,5.6668885,1.0,1621002830054290274,1,20.75,187.0,-261.38,3.02,4.64,3.1,3.0
632,51.9885275,5.6668873,1.0,1621002831060757107,1,20.75,187.0,-261.38,3.02,4.64,3.1,3.0
633,51.9885233,5.6668842,1.0,1621002832060832545,1,20.75,187.0,-333.89,2.91,4.71,3.08,3.0
634,51.9885198,5.6668788,1.0,1621002833055256158,1,20.75,187.0,-332.35,2.91,4.58,3.11,3.0
635,51.988518,5.6668723,1.0,1621002834056372994,1,20.75,187.0,-332.35,2.91,4.58,3.11,3.0
636,51.9885178,5.666865,1.0,1621002835058849391,1,20.812,187.0,-287.61,2.98,4.59,3.11,3.0
637,51.9885193,5.6668567,1.0,1621002836060169040,1,20.75,185.0,-117.91,3.25,4.58,3.11,3.0
638,51.9885223,5.6668492,1.0,1621002837060976662,1,20.75,185.0,87.27,3.58,4.5,3.12,3.0
639,51.9885253,5.666844,1.0,1621002838060441484,1,20.75,185.0,87.27,3.58,4.5,3.12,3.0
640,51.9885297,5.6668402,1.0,1621002839059009471,1,20.687,185.0,246.17,3.83,4.44,3.13,3.0
641,51.988535,5.6668355,1.0,1621002840059381947,1,20.687,186.0,300.17,3.91,4.41,3.14,3.0
642,51.9885397,5.666829,1.0,1621002841054543259,1,20.687,187.0,314.05,3.94,4.37,3.15,3.0
643,51.9885438,5.6668225,1.0,1621002842057992565,1,20.687,187.0,309.42,3.93,4.36,3.15,3.0
644,51.9885473,5.666816,1.0,1621002843057987783,1,20.75,184.0,286.28,3.89,4.38,3.14,3.0
645,51.9885512,5.6668097,1.0,1621002844055847523,1,20.687,185.0,264.68,3.86,4.29,3.16,3.0
646,51.988556,5.666804,1.0,1621002845058132105,1,20.625,186.0,301.71,3.92,4.53,3.12,3.0
647,51.9885605,5.6667983,1.0,1621002846100644326,1,20.562,186.0,312.51,3.93,4.27,3.17,3.0
648,51.9885647,5.6667927,1.0,1621002847058765404,1,20.562,188.0,315.59,3.94,4.42,3.14,3.0
649,51.9885693,5.6667873,1.0,1621002848058892211,1,20.562,188.0,300.17,3.91,4.45,3.13,3.0
650,51.9885743,5.6667825,1.0,1621002849058617334,1,20.625,187.0,314.05,3.94,4.37,3.15,3.0
651,51.988579,5.6667778,1.0,1621002850057416902,1,20.687,185.0,331.02,3.96,4.33,3.15,3.0
652,51.988584,5.6667735,1.0,1621002851056599594,1,20.687,185.0,312.51,3.93,4.53,3.12,3.0
653,51.9885892,5.6667687,1.0,1621002852057115967,1,20.687,186.0,324.85,3.95,4.27,3.17,3.0
654,51.9885942,5.6667632,1.0,1621002853068557446,1,20.625,186.0,324.85,3.95,4.59,3.11,3.0
655,51.9885995,5.6667572,1.0,1621002854055840655,1,20.625,187.0,310.97,3.93,4.42,3.14,3.0
656,51.988605,5.66675,1.0,1621002855174386013,1,20.625,187.0,303.25,3.92,4.29,3.16,3.0
657,51.9886093,5.6667427,1.0,1621002856062794101,1,20.625,187.0,303.25,3.92,4.29,3.16,3.0
658,51.9886132,5.666735,1.0,1621002857053934650,1,20.625,187.0,241.54,3.82,4.32,3.16,3.0
659,51.9886168,5.666726,1.0,1621002858056681801,1,20.687,187.0,48.7,3.52,4.41,3.14,3.0
660,51.9886177,5.6667193,1.0,1621002859051451711,1,20.687,187.0,48.7,3.52,4.41,3.14,3.0
661,51.9886162,5.6667148,1.0,1621002860052681457,1,20.687,187.0,-142.59,3.21,4.46,3.13,3.0
662,51.9886132,5.6667082,1.0,1621002861056837143,1,20.687,187.0,-269.1,3.01,4.53,3.12,3.0
663,51.9886107,5.6667025,1.0,1621002862050883398,1,20.75,185.0,-364.75,2.86,4.69,3.09,3.0
664,51.9886073,5.6666988,1.0,1621002863056546191,1,20.75,185.0,-364.75,2.86,4.69,3.09,3.0
665,51.9886028,5.6666982,1.0,1621002864056811793,1,20.75,187.0,-329.26,2.92,4.67,3.09,3.0
666,51.9885985,5.6667018,1.0,1621002865051933209,1,20.75,187.0,-269.1,3.01,4.62,3.1,3.0
667,51.988596,5.666708,1.0,1621002866057783660,1,20.75,187.0,-159.56,3.19,4.53,3.12,3.0
668,51.9885945,5.6667158,1.0,1621002867056699969,1,20.75,187.0,-25.35,3.4,4.54,3.12,3.0
669,51.9885925,5.6667252,1.0,1621002868057388271,1,20.75,185.0,27.11,3.48,4.44,3.13,3.0
670,51.9885905,5.6667345,1.0,1621002869059273414,1,20.75,187.0,62.59,3.54,4.4,3.14,3.0
671,51.9885888,5.6667457,1.0,1621002870055674451,1,20.75,185.0,78.02,3.56,4.41,3.14,3.0
672,51.988588,5.6667577,1.0,1621002871056122730,1,20.687,185.0,98.07,3.59,4.35,3.15,3.0
673,51.9885877,5.6667677,1.0,1621002872056478514,1,20.687,185.0,98.07,3.59,4.36,3.15,3.0
674,51.9885872,5.6667765,1.0,1621002873058053543,1,20.562,186.0,113.5,3.62,4.4,3.14,3.0
675,51.988588,5.6667862,1.0,1621002874057437662,1,20.562,186.0,113.5,3.62,4.4,3.14,3.0
676,51.9885888,5.6667938,1.0,1621002875056645001,1,20.562,188.0,110.41,3.61,4.36,3.15,3.0
677,51.9885908,5.6668,1.0,1621002876156082818,1,20.562,188.0,158.24,3.69,4.29,3.16,3.0
678,51.9885935,5.6668058,1.0,1621002877055612049,1,20.562,188.0,190.63,3.74,4.35,3.15,3.0
679,51.988597,5.6668103,1.0,1621002878056211850,1,20.562,188.0,190.63,3.74,4.35,3.15,3.0
680,51.9886007,5.6668143,1.0,1621002879050483572,1,20.625,187.0,269.31,3.86,4.38,3.14,3.0
681,51.9886027,5.6668155,1.0,1621002880054709014,1,20.687,187.0,232.29,3.81,4.35,3.15,3.0
682,51.9886032,5.6668153,1.0,1621002881049425572,1,20.687,187.0,232.29,3.81,4.35,3.15,3.0
683,51.9886038,5.6668158,1.0,1621002882051881005,1,20.687,187.0,187.55,3.74,4.33,3.15,3.0
684,51.9886042,5.6668177,1.0,1621002883054042772,1,20.75,187.0,207.6,3.77,4.37,3.15,3.0
685,51.9886032,5.6668185,1.0,1621002884052068070,1,20.781,187.0,218.4,3.78,4.24,3.17,3.0
686,51.9886023,5.6668197,1.0,1621002885168929455,1,20.812,187.0,226.12,3.8,4.28,3.16,3.0
687,51.9886008,5.6668217,1.0,1621002886053449366,1,20.812,187.0,230.74,3.8,4.35,3.15,3.0
688,51.9885993,5.6668232,1.0,1621002887056608195,1,20.812,187.0,250.8,3.84,4.4,3.14,3.0
689,51.9885975,5.6668235,1.0,1621002888050712326,1,20.812,187.0,250.8,3.84,4.4,3.14,3.0
690,51.9885952,5.6668253,1.0,1621002889053877142,1,20.812,187.0,255.43,3.84,4.33,3.15,3.0
691,51.9885948,5.6668262,1.0,1621002890059783554,1,20.75,187.0,247.71,3.83,4.32,3.16,3.0
692,51.9885973,5.6668243,1.0,1621002891053040849,1,20.75,185.0,230.74,3.8,4.36,3.15,3.0
693,51.9886012,5.6668218,1.0,1621002892055551151,1,20.75,187.0,218.4,3.78,4.28,3.16,3.0
694,51.988604,5.6668188,1.0,1621002893057541699,1,20.75,187.0,236.92,3.81,4.45,3.13,3.0
695,51.9886063,5.6668133,1.0,1621002894052928177,1,20.75,187.0,145.9,3.67,4.41,3.14,3.0
696,51.9886078,5.6668073,1.0,1621002895051244921,1,20.75,184.0,-122.54,3.24,4.55,3.11,3.0
697,51.9886073,5.6668012,1.0,1621002896052480399,1,20.75,187.0,-267.56,3.02,4.55,3.11,3.0
698,51.9886072,5.6667998,1.0,1621002897050982672,1,20.687,187.0,-344.69,2.89,4.58,3.11,3.0
699,51.9886035,5.6667977,1.0,1621002898058001830,1,20.687,187.0,-360.12,2.87,4.62,3.1,3.0
700,51.9885993,5.6667968,1.0,1621002899054151479,1,20.687,187.0,-360.12,2.87,4.62,3.1,3.0
701,51.9885942,5.6667982,1.0,1621002900054589543,1,20.687,186.0,-279.9,3.0,4.59,3.11,3.0
702,51.9885897,5.6667998,1.0,1621002901051279204,1,20.687,187.0,-279.9,3.0,4.53,3.12,3.0
703,51.988584,5.6668,1.0,1621002902054155032,1,20.625,187.0,-287.61,2.98,4.55,3.11,3.0
704,51.9885787,5.6667993,1.0,1621002903057731436,1,20.625,187.0,-287.61,2.98,4.55,3.11,3.0
705,51.988575,5.6667993,1.0,1621002904051390041,1,20.625,187.0,-295.32,2.97,4.51,3.12,3.0
706,51.9885707,5.6668,1.0,1621002905056610187,1,20.687,187.0,-292.24,2.98,4.6,3.1,3.0
707,51.9885645,5.6668007,1.0,1621002906094047673,1,20.687,187.0,-292.24,2.98,4.6,3.1,3.0
708,51.9885583,5.6668005,1.0,1621002907054855263,1,20.687,185.0,-278.35,3.0,4.83,3.06,3.0
709,51.988552,5.6668,1.0,1621002908053363812,1,20.625,187.0,-270.64,3.01,4.69,3.09,3.0
710,51.988545,5.6668002,1.0,1621002909056333721,1,20.625,187.0,-262.93,3.02,4.67,3.09,3.0
711,51.9885408,5.6668017,1.0,1621002910049130518,1,20.625,186.0,-256.76,3.03,4.49,3.13,3.0
712,51.9885362,5.6668052,1.0,1621002911054275513,1,20.562,184.0,-253.67,3.04,4.74,3.08,3.0
713,51.9885305,5.6668088,1.0,1621002912057106028,1,20.5,186.0,-227.44,3.08,4.58,3.11,3.0
714,51.9885248,5.666813,1.0,1621002913057950604,1,20.437,187.0,-208.93,3.11,4.31,3.16,3.0
715,51.9885208,5.6668182,1.0,1621002914179316462,1,20.437,188.0,-164.19,3.18,4.53,3.12,3.0
716,51.9885162,5.6668238,1.0,1621002915152190522,1,20.5,188.0,-165.74,3.18,4.72,3.08,3.0
717,51.9885113,5.6668303,1.0,1621002916057338691,1,20.562,188.0,-153.39,3.2,4.58,3.11,3.0
718,51.988506,5.6668375,1.0,1621002917054002201,1,20.625,186.0,-100.94,3.28,4.41,3.14,3.0
719,51.9885012,5.6668448,1.0,1621002918058467137,1,20.625,187.0,-53.12,3.35,4.54,3.12,3.0
720,51.9884973,5.6668527,1.0,1621002919057794774,1,20.625,187.0,-20.72,3.41,4.47,3.13,3.0
721,51.9884942,5.666862,1.0,1621002920056925644,1,20.625,187.0,22.48,3.47,4.54,3.12,3.0
722,51.9884913,5.6668715,1.0,1621002921053815932,1,20.687,187.0,53.33,3.52,4.46,3.13,3.0
723,51.9884882,5.6668807,1.0,1621002922056354866,1,20.75,187.0,73.39,3.55,4.49,3.13,3.0
724,51.9884858,5.666891,1.0,1621002923056120105,1,20.812,187.0,91.9,3.58,4.27,3.17,3.0
725,51.9884845,5.6668977,1.0,1621002924055204185,1,20.812,187.0,96.53,3.59,4.26,3.17,3.0
726,51.9884823,5.6669025,1.0,1621002925052020330,1,20.812,187.0,101.16,3.6,4.31,3.16,3.0
727,51.988483,5.6669055,1.0,1621002926051938194,1,20.812,187.0,116.58,3.62,4.47,3.13,3.0
728,51.988484,5.6669062,1.0,1621002927051727058,1,20.875,186.0,176.75,3.72,4.49,3.13,3.0
729,51.9884833,5.6669063,1.0,1621002928048333472,1,20.875,186.0,176.75,3.72,4.49,3.13,3.0
730,51.9884822,5.666905,1.0,1621002929052281583,1,20.875,186.0,189.09,3.74,4.5,3.12,3.0
731,51.98848,5.6669038,1.0,1621002930057407586,1,20.875,186.0,196.8,3.75,4.41,3.14,3.0
732,51.9884783,5.6669032,1.0,1621002931052629641,1,20.875,186.0,196.8,3.75,4.41,3.14,3.0
733,51.9884772,5.6669027,1.0,1621002932053633821,1,20.875,186.0,218.4,3.78,4.32,3.16,3.0
734,51.9884757,5.6669025,1.0,1621002933050790612,1,20.875,186.0,207.6,3.77,4.37,3.15,3.0
735,51.9884745,5.6669018,1.0,1621002934052022977,1,20.875,187.0,210.69,3.77,4.4,3.14,3.0
736,51.9884733,5.6669018,1.0,1621002935052678828,1,20.875,187.0,210.69,3.77,4.4,3.14,3.0
737,51.9884718,5.6669022,1.0,1621002936090015767,1,20.875,186.0,201.43,3.76,4.46,3.13,3.0
738,51.9884728,5.6669042,1.0,1621002937053736609,1,20.875,186.0,175.21,3.72,4.45,3.13,3.0
739,51.9884755,5.6669063,1.0,1621002938048845515,1,20.875,186.0,218.4,3.78,4.27,3.17,3.0
740,51.988481,5.666908,1.0,1621002939052641238,1,20.937,186.0,192.18,3.74,4.46,3.13,3.0
741,51.988487,5.6669087,1.0,1621002940056622387,1,20.875,186.0,192.18,3.74,4.47,3.13,3.0
742,51.9884932,5.6669065,1.0,1621002941056163111,1,20.875,186.0,213.77,3.78,4.38,3.14,3.0
743,51.9885002,5.6669033,1.0,1621002942058343967,1,20.812,187.0,304.8,3.92,4.67,3.09,3.0
744,51.9885067,5.6668985,1.0,1621002943056384846,1,20.812,188.0,312.51,3.93,4.33,3.15,3.0
745,51.9885128,5.6668935,1.0,1621002944056359288,1,20.875,187.0,329.48,3.96,4.54,3.12,3.0
746,51.9885188,5.6668875,1.0,1621002945161487948,1,20.875,186.0,315.59,3.94,4.29,3.16,3.0
747,51.988524,5.666881,1.0,1621002946058775206,1,20.875,186.0,315.59,3.94,4.29,3.16,3.0
748,51.9885288,5.6668737,1.0,1621002947058832055,1,20.875,186.0,289.37,3.9,4.32,3.16,3.0
749,51.9885343,5.6668652,1.0,1621002948056038524,1,20.875,186.0,252.34,3.84,4.31,3.16,3.0
750,51.9885385,5.6668563,1.0,1621002949059725862,1,20.844,186.0,236.92,3.81,4.2,3.18,3.0
751,51.988541,5.6668472,1.0,1621002950055792416,1,20.812,185.0,227.66,3.8,4.04,3.21,3.0
752,51.988544,5.666837,1.0,1621002951057339659,1,20.687,185.0,64.13,3.54,4.41,3.14,3.0
753,51.9885465,5.6668258,1.0,1621002952056459483,1,20.625,186.0,-11.46,3.42,4.42,3.14,3.0
754,51.9885482,5.6668142,1.0,1621002953056343658,1,20.625,186.0,-11.46,3.42,4.42,3.14,3.0
755,51.9885483,5.6668042,1.0,1621002954056631706,1,20.625,187.0,-76.26,3.32,4.47,3.13,3.0
756,51.9885492,5.6667928,1.0,1621002955057017671,1,20.562,188.0,-176.53,3.16,4.54,3.12,3.0
757,51.9885498,5.6667823,1.0,1621002956065158128,1,20.562,188.0,-176.53,3.16,4.54,3.12,3.0
758,51.9885488,5.666774,1.0,1621002957050960016,1,20.562,186.0,-196.59,3.13,4.5,3.12,3.0
759,51.9885497,5.666764,1.0,1621002958056640705,1,20.625,186.0,-148.77,3.2,4.54,3.12,3.0
760,51.9885518,5.6667545,1.0,1621002959062197171,1,20.562,186.0,-90.14,3.3,4.44,3.13,3.0
761,51.9885523,5.6667443,1.0,1621002960058802665,1,20.562,186.0,-90.14,3.3,4.44,3.13,3.0
762,51.9885532,5.6667327,1.0,1621002961054400025,1,20.5,186.0,-124.08,3.24,4.51,3.12,3.0
763,51.9885538,5.6667202,1.0,1621002962055575715,1,20.5,187.0,-162.65,3.18,4.51,3.12,3.0
764,51.9885532,5.6667098,1.0,1621002963055883851,1,20.5,188.0,-199.68,3.12,4.5,3.12,3.0
765,51.9885547,5.666698,1.0,1621002964060241914,1,20.562,188.0,-210.47,3.11,4.74,3.08,3.0
766,51.9885557,5.6666888,1.0,1621002965055803877,1,20.625,187.0,-134.88,3.23,4.49,3.13,3.0
767,51.988557,5.666679,1.0,1621002966101066396,1,20.625,187.0,-83.97,3.31,4.45,3.13,3.0
768,51.9885585,5.6666697,1.0,1621002967058063460,1,20.625,187.0,-105.57,3.27,4.5,3.12,3.0
769,51.9885587,5.6666602,1.0,1621002968051400987,1,20.625,186.0,-117.91,3.25,4.51,3.12,3.0
770,51.9885613,5.66665,1.0,1621002969056329113,1,20.687,187.0,-45.4,3.37,4.42,3.14,3.0
771,51.988564,5.6666418,1.0,1621002970054764721,1,20.625,187.0,78.02,3.56,4.44,3.13,3.0
772,51.988567,5.666633,1.0,1621002971054541680,1,20.625,187.0,91.9,3.58,4.44,3.13,3.0
773,51.9885712,5.6666223,1.0,1621002972054825356,1,20.625,187.0,102.7,3.6,4.36,3.15,3.0
774,51.9885748,5.6666115,1.0,1621002973055099471,1,20.625,186.0,3.96,3.44,4.27,3.17,3.0
775,51.9885765,5.6666017,1.0,1621002974053860809,1,20.625,186.0,-60.83,3.34,4.45,3.13,3.0
776,51.9885763,5.6665922,1.0,1621002975050870555,1,20.625,186.0,-60.83,3.34,4.45,3.13,3.0
777,51.9885757,5.6665833,1.0,1621002976050369318,1,20.625,186.0,-110.2,3.26,4.27,3.17,3.0
778,51.9885753,5.6665742,1.0,1621002977049821810,1,20.562,187.0,-298.41,2.97,4.58,3.11,3.0
779,51.9885733,5.6665668,1.0,1621002978051331609,1,20.625,187.0,-358.58,2.87,4.54,3.12,3.0
780,51.9885705,5.6665602,1.0,1621002979053899370,1,20.625,187.0,-358.58,2.87,4.54,3.12,3.0
781,51.9885665,5.6665525,1.0,1621002980056718830,1,20.625,186.0,-364.75,2.86,4.29,3.16,3.0
782,51.9885622,5.666546,1.0,1621002981054250561,1,20.625,186.0,-360.12,2.87,4.71,3.08,3.0
783,51.9885563,5.6665422,1.0,1621002982056153535,1,20.625,186.0,-360.12,2.87,4.71,3.08,3.0
784,51.9885507,5.6665415,1.0,1621002983054655104,1,20.625,186.0,-327.72,2.92,4.69,3.09,3.0
785,51.9885443,5.6665432,1.0,1621002984062680719,1,20.562,186.0,-290.7,2.98,4.6,3.1,3.0
786,51.9885388,5.6665457,1.0,1621002985044938897,1,20.562,187.0,-255.21,3.03,4.54,3.12,3.0
787,51.9885337,5.6665512,1.0,1621002986056611388,1,20.625,187.0,-215.1,3.1,4.72,3.08,3.0
788,51.9885292,5.6665585,1.0,1621002987055464293,1,20.625,186.0,-164.19,3.18,4.53,3.12,3.0
789,51.9885243,5.6665658,1.0,1621002988054623983,1,20.687,186.0,-105.57,3.27,4.51,3.12,3.0
790,51.9885203,5.666574,1.0,1621002989054321502,1,20.625,186.0,-62.37,3.34,4.51,3.12,3.0
791,51.9885153,5.666583,1.0,1621002990053825230,1,20.625,186.0,-36.15,3.38,4.5,3.12,3.0
792,51.9885113,5.6665913,1.0,1621002991054950476,1,20.562,188.0,8.59,3.45,4.5,3.12,3.0
793,51.9885093,5.6666008,1.0,1621002992054926231,1,20.562,186.0,30.19,3.49,4.42,3.14,3.0
794,51.9885072,5.666611,1.0,1621002993055385776,1,20.562,186.0,30.19,3.49,4.42,3.14,3.0
795,51.988506,5.6666215,1.0,1621002994056191025,1,20.562,188.0,68.76,3.55,4.42,3.14,3.0
796,51.9885052,5.6666318,1.0,1621002995054210824,1,20.562,186.0,81.1,3.57,4.44,3.13,3.0
797,51.9885047,5.6666418,1.0,1621002996056858471,1,20.562,188.0,81.1,3.57,4.44,3.13,3.0
798,51.9885043,5.6666515,1.0,1621002997062184602,1,20.562,188.0,81.1,3.57,4.44,3.13,3.0
799,51.9885043,5.6666613,1.0,1621002998052174526,1,20.625,187.0,67.22,3.54,4.45,3.13,3.0
800,51.9885045,5.6666718,1.0,1621002999055737331,1,20.625,187.0,57.96,3.53,4.47,3.13,3.0
801,51.988504,5.6666822,1.0,1621003000055697798,1,20.625,187.0,57.96,3.53,4.47,3.13,3.0
802,51.9885043,5.6666912,1.0,1621003001058008730,1,20.625,187.0,76.47,3.56,4.42,3.14,3.0
803,51.9885045,5.6667008,1.0,1621003002058277312,1,20.687,187.0,90.36,3.58,4.42,3.14,3.0
804,51.988505,5.6667117,1.0,1621003003055347037,1,20.75,187.0,88.81,3.58,4.46,3.13,3.0
805,51.9885062,5.6667215,1.0,1621003004055220214,1,20.75,187.0,88.81,3.58,4.46,3.13,3.0
806,51.9885083,5.6667308,1.0,1621003005169589892,1,20.75,187.0,115.04,3.62,4.47,3.13,3.0
807,51.9885108,5.6667398,1.0,1621003006053818497,1,20.75,187.0,122.75,3.63,4.42,3.14,3.0
808,51.9885128,5.6667483,1.0,1621003007054423356,1,20.75,187.0,121.21,3.63,4.33,3.15,3.0
809,51.9885147,5.6667568,1.0,1621003008053998885,1,20.75,187.0,121.21,3.63,4.45,3.13,3.0
810,51.9885165,5.6667665,1.0,1621003009054914652,1,20.75,185.0,91.9,3.58,4.44,3.13,3.0
811,51.9885187,5.6667758,1.0,1621003010054640023,1,20.75,186.0,104.24,3.6,4.4,3.14,3.0
812,51.9885212,5.6667852,1.0,1621003011055361612,1,20.687,185.0,124.3,3.64,4.42,3.14,3.0
813,51.9885245,5.6667938,1.0,1621003012054538810,1,20.625,186.0,125.84,3.64,4.42,3.14,3.0
814,51.9885277,5.6668028,1.0,1621003013053495411,1,20.625,187.0,155.15,3.68,4.36,3.15,3.0
815,51.9885317,5.6668115,1.0,1621003014055733796,1,20.625,186.0,162.86,3.7,4.45,3.13,3.0
816,51.9885358,5.6668192,1.0,1621003015055609328,1,20.625,186.0,162.86,3.7,4.45,3.13,3.0
817,51.9885398,5.6668267,1.0,1621003016161216957,1,20.562,186.0,190.63,3.74,4.42,3.14,3.0
818,51.9885433,5.666834,1.0,1621003017054183149,1,20.562,188.0,156.69,3.69,4.42,3.14,3.0
819,51.9885462,5.6668412,1.0,1621003018057995618,1,20.562,189.0,122.75,3.63,4.45,3.13,3.0
820,51.9885478,5.6668492,1.0,1621003019050987540,1,20.562,189.0,122.75,3.63,4.45,3.13,3.0
821,51.9885487,5.6668568,1.0,1621003020057370201,1,20.687,187.0,61.05,3.54,4.45,3.13,3.0
822,51.9885478,5.666865,1.0,1621003021055655111,1,20.75,187.0,42.53,3.51,4.46,3.13,3.0
823,51.988546,5.6668725,1.0,1621003022065471961,1,20.75,187.0,42.53,3.51,4.46,3.13,3.0
824,51.9885433,5.6668808,1.0,1621003023054849709,1,20.75,187.0,-16.09,3.41,4.46,3.13,3.0
825,51.9885405,5.6668883,1.0,1621003024055816228,1,20.812,187.0,-43.86,3.37,4.53,3.12,3.0
826,51.9885375,5.6668945,1.0,1621003025058246967,1,20.812,187.0,-105.57,3.27,4.54,3.12,3.0
827,51.9885342,5.6668998,1.0,1621003026089938667,1,20.812,187.0,-105.57,3.27,4.54,3.12,3.0
828,51.9885308,5.6669032,1.0,1621003027055277768,1,20.75,187.0,-187.33,3.14,4.58,3.11,3.0
829,51.9885272,5.666905,1.0,1621003028044780003,1,20.75,187.0,-301.5,2.96,4.54,3.12,3.0
830,51.988523,5.666904,1.0,1621003029055424695,1,20.75,187.0,-301.5,2.96,4.54,3.12,3.0
831,51.988518,5.6669015,1.0,1621003030053589167,1,20.812,187.0,-347.78,2.89,4.5,3.12,3.0
832,51.9885148,5.6668983,1.0,1621003031049861915,1,20.812,187.0,-364.75,2.86,4.56,3.11,3.0
833,51.988511,5.6668937,1.0,1621003032053168008,1,20.812,188.0,-358.58,2.87,4.63,3.1,3.0
834,51.9885095,5.6668868,1.0,1621003033062331981,1,20.812,187.0,-312.29,2.94,4.63,3.1,3.0
835,51.9885098,5.666878,1.0,1621003034054495748,1,20.875,186.0,-258.3,3.03,4.64,3.1,3.0
836,51.9885098,5.666867,1.0,1621003035169562728,1,20.875,186.0,-232.07,3.07,4.64,3.1,3.0
837,51.988509,5.666856,1.0,1621003036053655383,1,20.875,186.0,-242.87,3.05,4.6,3.1,3.0
838,51.9885093,5.666845,1.0,1621003037051028076,1,20.875,186.0,-275.27,3.0,4.64,3.1,3.0
839,51.9885083,5.6668355,1.0,1621003038054244181,1,20.875,186.0,-310.75,2.95,4.63,3.1,3.0
840,51.988506,5.6668265,1.0,1621003039054384496,1,20.875,186.0,-338.52,2.9,4.64,3.1,3.0
841,51.9885003,5.6668173,1.0,1621003040055076414,1,20.844,186.0,-357.03,2.87,4.5,3.12,3.0
842,51.9884942,5.6668095,1.0,1621003041054040288,1,20.75,187.0,-386.34,2.83,4.68,3.09,3.0
843,51.9884888,5.666804,1.0,1621003042053993299,1,20.75,185.0,-389.43,2.82,4.73,3.08,3.0
844,51.9884827,5.6668002,1.0,1621003043054671519,1,20.75,187.0,-381.72,2.83,4.68,3.09,3.0
845,51.9884768,5.6667968,1.0,1621003044055026092,1,20.75,187.0,-381.72,2.83,4.68,3.09,3.0
846,51.9884705,5.6667958,1.0,1621003045051858020,1,20.75,187.0,-340.06,2.9,4.68,3.09,3.0
847,51.988464,5.6667962,1.0,1621003046056647217,1,20.812,187.0,-313.84,2.94,4.69,3.09,3.0
848,51.9884578,5.6667968,1.0,1621003047054540358,1,20.812,187.0,-315.38,2.94,4.59,3.11,3.0
849,51.9884533,5.6667985,1.0,1621003048045928081,1,20.812,188.0,-318.46,2.93,4.47,3.13,3.0
850,51.9884497,5.6668012,1.0,1621003049055360455,1,20.875,186.0,-315.38,2.94,4.68,3.09,3.0
851,51.988447,5.6668048,1.0,1621003050051601861,1,20.875,187.0,-105.57,3.27,4.58,3.11,3.0
852,51.9884462,5.6668108,1.0,1621003051048296118,1,20.875,187.0,-105.57,3.27,4.58,3.11,3.0
853,51.9884475,5.6668162,1.0,1621003052055750994,1,20.937,186.0,-45.4,3.37,4.56,3.11,3.0
854,51.98845,5.6668202,1.0,1621003053052922510,1,20.937,186.0,20.93,3.47,4.54,3.12,3.0
855,51.988453,5.6668237,1.0,1621003054047989767,1,20.937,186.0,78.02,3.56,4.74,3.08,3.0
856,51.988457,5.6668243,1.0,1621003055051250839,1,20.937,186.0,74.93,3.56,4.55,3.11,3.0
857,51.9884628,5.6668227,1.0,1621003056103319825,1,20.875,186.0,2.42,3.44,4.53,3.12,3.0
858,51.9884687,5.66682,1.0,1621003057055467766,1,20.875,186.0,93.44,3.59,4.5,3.12,3.0
859,51.9884758,5.6668173,1.0,1621003058059264784,1,20.875,186.0,105.78,3.61,4.46,3.13,3.0
860,51.9884825,5.6668133,1.0,1621003059049781570,1,20.875,186.0,115.04,3.62,4.45,3.13,3.0
861,51.9884892,5.6668088,1.0,1621003060053869216,1,20.875,186.0,139.72,3.66,4.44,3.13,3.0
862,51.9884952,5.6668033,1.0,1621003061056255681,1,20.875,185.0,132.01,3.65,4.46,3.13,3.0
863,51.9885,5.6667973,1.0,1621003062054434508,1,20.844,186.0,122.75,3.63,4.47,3.13,3.0
864,51.9885047,5.6667905,1.0,1621003063054215740,1,20.75,187.0,98.07,3.59,4.49,3.13,3.0
865,51.9885098,5.6667825,1.0,1621003064053173483,1,20.75,187.0,79.56,3.56,4.44,3.13,3.0
866,51.9885152,5.6667742,1.0,1621003065159786918,1,20.75,185.0,51.79,3.52,4.47,3.13,3.0
867,51.9885193,5.6667652,1.0,1621003066156942732,1,20.75,185.0,51.79,3.52,4.47,3.13,3.0
868,51.988523,5.6667555,1.0,1621003067052376641,1,20.687,185.0,-53.12,3.35,4.72,3.08,3.0
869,51.9885268,5.6667455,1.0,1621003068057374363,1,20.625,186.0,-110.2,3.26,4.53,3.12,3.0
870,51.9885292,5.6667347,1.0,1621003069057342865,1,20.562,186.0,-173.45,3.16,4.23,3.17,3.0
871,51.9885317,5.6667227,1.0,1621003070054164811,1,20.562,186.0,-173.45,3.16,4.23,3.17,3.0
872,51.9885313,5.666712,1.0,1621003071054345410,1,20.5,186.0,-222.82,3.09,4.56,3.11,3.0
873,51.9885313,5.6667012,1.0,1621003072055254715,1,20.562,186.0,-303.04,2.96,4.62,3.1,3.0
874,51.9885315,5.6666893,1.0,1621003073052424231,1,20.562,186.0,-303.04,2.96,4.62,3.1,3.0
875,51.9885297,5.6666785,1.0,1621003074054657703,1,20.625,186.0,-324.64,2.92,4.89,3.05,3.0
876,51.988528,5.666668,1.0,1621003075053880208,1,20.625,187.0,-343.15,2.9,4.6,3.1,3.0
877,51.9885252,5.6666583,1.0,1621003076050980543,1,20.625,187.0,-370.92,2.85,4.64,3.1,3.0
878,51.988522,5.6666487,1.0,1621003077050285954,1,20.625,187.0,-370.92,2.85,4.64,3.1,3.0
879,51.9885187,5.6666387,1.0,1621003078054056619,1,20.687,187.0,-381.72,2.83,4.67,3.09,3.0
880,51.9885145,5.666628,1.0,1621003079054559610,1,20.687,186.0,-394.06,2.81,4.65,3.09,3.0
881,51.9885095,5.666619,1.0,1621003080057995508,1,20.687,187.0,-404.86,2.8,4.68,3.09,3.0
882,51.9885048,5.6666105,1.0,1621003081053194778,1,20.687,185.0,-417.2,2.78,4.64,3.1,3.0
883,51.9885003,5.6666042,1.0,1621003082057311975,1,20.75,185.0,-417.2,2.78,4.65,3.09,3.0
884,51.9884947,5.666598,1.0,1621003083053402040,1,20.687,185.0,-417.2,2.78,4.67,3.09,3.0
885,51.9884885,5.6665923,1.0,1621003084052891408,1,20.687,187.0,-414.11,2.78,4.49,3.13,3.0
886,51.9884822,5.6665878,1.0,1621003085058298613,1,20.625,187.0,-404.86,2.8,4.67,3.09,3.0
887,51.9884767,5.6665843,1.0,1621003087126057931,1,20.687,185.0,-387.89,2.82,4.65,3.09,3.0
888,51.9884698,5.6665815,1.0,1621003087126510095,1,20.687,185.0,-387.89,2.82,4.65,3.09,3.0
889,51.9884623,5.66658,1.0,1621003088059235038,1,20.687,185.0,-387.89,2.82,4.65,3.09,3.0
890,51.9884545,5.66658,1.0,1621003089053842427,1,20.75,187.0,-363.2,2.86,4.67,3.09,3.0
891,51.9884467,5.6665808,1.0,1621003090053506132,1,20.75,188.0,-349.32,2.89,4.67,3.09,3.0
892,51.9884398,5.6665827,1.0,1621003091053022283,1,20.75,188.0,-343.15,2.9,4.85,3.06,3.0
893,51.9884327,5.666585,1.0,1621003092052477135,1,20.75,187.0,-335.43,2.91,4.8,3.07,3.0
894,51.9884253,5.6665895,1.0,1621003093052876298,1,20.875,186.0,-306.12,2.95,4.64,3.1,3.0
895,51.9884192,5.6665952,1.0,1621003094054071802,1,20.875,186.0,-292.24,2.98,4.62,3.1,3.0
896,51.9884135,5.666602,1.0,1621003095051322855,1,20.875,186.0,-292.24,2.98,4.62,3.1,3.0
897,51.9884082,5.6666087,1.0,1621003096052317540,1,20.875,186.0,-282.98,2.99,4.64,3.1,3.0
898,51.988404,5.6666155,1.0,1621003097052271935,1,20.875,186.0,-204.3,3.12,4.6,3.1,3.0
899,51.9883997,5.6666235,1.0,1621003098053112398,1,20.875,186.0,-204.3,3.12,4.6,3.1,3.0
900,51.9883957,5.666632,1.0,1621003099051421403,1,20.875,187.0,-191.96,3.13,4.54,3.12,3.0
901,51.988392,5.6666403,1.0,1621003100054195801,1,20.875,186.0,-161.11,3.18,4.68,3.09,3.0
902,51.988388,5.666649,1.0,1621003101049723735,1,20.875,186.0,-110.2,3.26,4.56,3.11,3.0
903,51.9883858,5.6666592,1.0,1621003102052591261,1,20.875,186.0,-110.2,3.26,4.56,3.11,3.0
904,51.9883843,5.6666693,1.0,1621003103053928186,1,20.875,186.0,-91.68,3.29,4.55,3.11,3.0
905,51.9883833,5.6666802,1.0,1621003104055260031,1,20.875,186.0,-83.97,3.31,4.42,3.14,3.0
906,51.9883828,5.6666913,1.0,1621003105056419164,1,20.875,186.0,-68.54,3.33,4.55,3.11,3.0
907,51.9883832,5.6667018,1.0,1621003106050309517,1,20.875,186.0,-54.66,3.35,4.53,3.12,3.0
908,51.9883848,5.6667125,1.0,1621003107052243391,1,20.875,186.0,-40.77,3.37,4.56,3.11,3.0
909,51.9883875,5.6667223,1.0,1621003108052672475,1,20.875,186.0,-20.72,3.41,4.55,3.11,3.0
910,51.9883898,5.666732,1.0,1621003109053751911,1,20.875,186.0,-8.38,3.43,4.54,3.12,3.0
911,51.9883925,5.6667417,1.0,1621003110053023088,1,20.875,186.0,10.14,3.45,4.51,3.12,3.0
912,51.9883958,5.6667503,1.0,1621003111052784539,1,20.937,186.0,28.65,3.48,4.51,3.12,3.0
913,51.9884002,5.66676,1.0,1621003112051703870,1,20.937,186.0,54.87,3.53,4.49,3.13,3.0
914,51.9884052,5.6667683,1.0,1621003113053968991,1,20.937,186.0,71.84,3.55,4.46,3.13,3.0
915,51.98841,5.6667757,1.0,1621003114052263006,1,20.937,186.0,71.84,3.55,4.46,3.13,3.0
916,51.9884135,5.6667807,1.0,1621003115052362017,1,20.937,186.0,104.24,3.6,4.49,3.13,3.0
917,51.9884195,5.6667865,1.0,1621003116110152209,1,20.937,187.0,107.33,3.61,4.46,3.13,3.0
918,51.9884267,5.666791,1.0,1621003117070151601,1,20.937,187.0,107.33,3.61,4.46,3.13,3.0
919,51.9884333,5.6667935,1.0,1621003118052544727,1,20.937,188.0,102.7,3.6,4.44,3.13,3.0
920,51.98844,5.6667953,1.0,1621003119052367544,1,20.937,184.0,82.64,3.57,4.45,3.13,3.0
921,51.9884475,5.6667967,1.0,1621003120052294738,1,20.875,185.0,59.5,3.53,4.44,3.13,3.0
922,51.9884545,5.6667967,1.0,1621003121052710492,1,20.875,185.0,59.5,3.53,4.44,3.13,3.0
923,51.9884615,5.6667947,1.0,1621003122054324464,1,20.75,187.0,33.28,3.49,4.71,3.08,3.0
924,51.9884688,5.6667923,1.0,1621003123056220741,1,20.75,187.0,40.99,3.5,4.5,3.12,3.0
925,51.9884755,5.6667892,1.0,1621003124051202672,1,20.75,187.0,40.99,3.5,4.5,3.12,3.0
926,51.988482,5.6667853,1.0,1621003125052601948,1,20.812,185.0,78.02,3.56,4.69,3.09,3.0
927,51.9884882,5.6667795,1.0,1621003126050818218,1,20.812,185.0,82.64,3.57,4.46,3.13,3.0
928,51.9884937,5.666773,1.0,1621003127050820463,1,20.75,185.0,78.02,3.56,4.47,3.13,3.0
929,51.9884988,5.666766,1.0,1621003128049841460,1,20.687,186.0,62.59,3.54,4.46,3.13,3.0
930,51.9885035,5.6667575,1.0,1621003129053102386,1,20.687,185.0,39.45,3.5,4.46,3.13,3.0
931,51.9885082,5.6667488,1.0,1621003130050354260,1,20.687,185.0,13.22,3.46,4.5,3.12,3.0
932,51.988512,5.6667397,1.0,1621003131052273197,1,20.625,186.0,-26.89,3.4,4.5,3.12,3.0
933,51.9885153,5.66673,1.0,1621003132051139307,1,20.625,186.0,-93.23,3.29,4.56,3.11,3.0
934,51.9885182,5.66672,1.0,1621003133051273033,1,20.625,186.0,-154.94,3.19,4.54,3.12,3.0
935,51.9885202,5.6667095,1.0,1621003134052645811,1,20.562,186.0,-210.47,3.11,4.53,3.12,3.0
936,51.9885218,5.6666992,1.0,1621003135046995208,1,20.562,186.0,-255.21,3.03,4.6,3.1,3.0
937,51.9885217,5.6666893,1.0,1621003136053816604,1,20.562,186.0,-255.21,3.03,4.6,3.1,3.0
938,51.988521,5.6666798,1.0,1621003137051770848,1,20.5,186.0,-326.18,2.92,4.65,3.09,3.0
939,51.9885203,5.6666697,1.0,1621003138055250599,1,20.5,186.0,-350.86,2.88,4.67,3.09,3.0
940,51.9885205,5.6666587,1.0,1621003139059423942,1,20.5,186.0,-350.86,2.88,4.67,3.09,3.0
941,51.988519,5.6666482,1.0,1621003140053394504,1,20.562,186.0,-370.92,2.85,4.77,3.07,3.0
942,51.988516,5.6666388,1.0,1621003141051646302,1,20.5,188.0,-394.06,2.81,4.67,3.09,3.0
943,51.9885135,5.6666292,1.0,1621003142157302888,1,20.5,186.0,-404.86,2.8,4.81,3.06,3.0
944,51.9885102,5.6666193,1.0,1621003143056998979,1,20.5,186.0,-404.86,2.8,4.81,3.06,3.0
945,51.988506,5.6666103,1.0,1621003144052847208,1,20.562,188.0,-411.03,2.79,4.68,3.09,3.0
946,51.9885013,5.6666017,1.0,1621003145052927148,1,20.562,186.0,-437.25,2.75,4.68,3.09,3.0
947,51.9884972,5.6665928,1.0,1621003146054197682,1,20.562,186.0,-437.25,2.75,4.68,3.09,3.0
948,51.9884927,5.666588,1.0,1621003147079740121,1,20.562,186.0,-441.88,2.74,4.67,3.09,3.0
949,51.9884903,5.666582,1.0,1621003148056042168,1,20.562,186.0,-451.14,2.72,4.68,3.09,3.0
950,51.9884885,5.666578,1.0,1621003149043062340,1,20.562,188.0,-455.77,2.72,4.72,3.08,3.0
951,51.988487,5.6665742,1.0,1621003150049034641,1,20.562,188.0,-455.77,2.72,4.72,3.08,3.0
952,51.9884872,5.6665685,1.0,1621003151048224860,1,20.562,187.0,-460.4,2.71,4.72,3.08,3.0
953,51.9884875,5.6665652,1.0,1621003152047228331,1,20.562,187.0,-457.31,2.71,4.74,3.08,3.0
954,51.9884868,5.6665632,1.0,1621003153047969139,1,20.562,188.0,-455.77,2.72,4.78,3.07,3.0
955,51.9884868,5.6665612,1.0,1621003154055673486,1,20.625,187.0,-454.22,2.72,4.77,3.07,3.0
956,51.9884865,5.6665593,1.0,1621003155047078589,1,20.687,187.0,-452.68,2.72,4.72,3.08,3.0
957,51.9884863,5.6665582,1.0,1621003156053031712,1,20.687,187.0,-451.14,2.72,4.8,3.07,3.0
958,51.988486,5.666557,1.0,1621003157052297672,1,20.719,187.0,-451.14,2.72,4.74,3.08,3.0
959,51.988486,5.6665563,1.0,1621003158050663764,1,20.75,187.0,-451.14,2.72,4.77,3.07,3.0
960,51.9884853,5.6665555,1.0,1621003159050585147,1,20.75,187.0,-448.05,2.73,4.74,3.08,3.0
961,51.988483,5.6665532,1.0,1621003160057774578,1,20.75,186.0,-444.97,2.73,4.73,3.08,3.0
962,51.988479,5.6665493,1.0,1621003161052938967,1,20.75,186.0,-444.97,2.73,4.73,3.08,3.0
963,51.9884735,5.6665452,1.0,1621003162052150610,1,20.75,187.0,-426.46,2.76,4.71,3.08,3.0
964,51.9884672,5.6665412,1.0,1621003163052738773,1,20.75,187.0,-431.08,2.76,4.67,3.09,3.0
965,51.9884602,5.6665375,1.0,1621003164049257326,1,20.75,187.0,-431.08,2.76,4.67,3.09,3.0
966,51.9884545,5.6665355,1.0,1621003165051629029,1,20.75,188.0,-443.43,2.74,4.49,3.13,3.0
967,51.9884487,5.6665333,1.0,1621003166050781200,1,20.812,187.0,-426.46,2.76,4.71,3.08,3.0
968,51.9884425,5.6665327,1.0,1621003167051715283,1,20.812,187.0,-421.83,2.77,4.69,3.09,3.0
969,51.988436,5.666532,1.0,1621003168049571729,1,20.812,187.0,-421.83,2.77,4.69,3.09,3.0
970,51.9884302,5.6665302,1.0,1621003169051615291,1,20.812,187.0,-421.83,2.77,4.69,3.09,3.0
971,51.9884245,5.6665282,1.0,1621003170051979377,1,20.812,179.0,-409.49,2.79,4.69,3.09,3.0
972,51.9884185,5.6665257,1.0,1621003172064418839,1,20.75,176.0,-412.57,2.79,4.72,3.08,3.0
973,51.9884122,5.6665235,1.0,1621003172065033517,1,20.75,176.0,-412.57,2.79,4.72,3.08,3.0
974,51.988406,5.6665208,1.0,1621003173051330389,1,20.75,174.0,-414.11,2.78,4.73,3.08,3.0
975,51.9884005,5.6665187,1.0,1621003174052614406,1,20.75,173.0,-415.66,2.78,4.64,3.1,3.0
976,51.988395,5.6665162,1.0,1621003175156791803,1,20.687,169.0,-417.2,2.78,4.78,3.07,3.0
977,51.9883898,5.6665135,1.0,1621003176050046959,1,20.687,166.0,-418.74,2.78,4.76,3.07,3.0
978,51.9883847,5.6665103,1.0,1621003177070256593,1,20.687,166.0,-420.28,2.77,4.86,3.05,3.0
979,51.9883805,5.6665078,1.0,1621003178051660013,1,20.687,166.0,-417.2,2.78,4.83,3.06,3.0
980,51.9883767,5.6665063,1.0,1621003179049784868,1,20.75,166.0,-394.06,2.81,4.9,3.05,3.0
981,51.9883718,5.666507,1.0,1621003180052148669,1,20.75,165.0,-358.58,2.87,4.83,3.06,3.0
982,51.9883665,5.6665085,1.0,1621003181051115782,1,20.75,166.0,-343.15,2.9,4.92,3.04,3.0
983,51.988362,5.6665105,1.0,1621003182046705827,1,20.812,166.0,-338.52,2.9,4.95,3.04,3.0
984,51.9883592,5.6665135,1.0,1621003183042974262,1,20.812,166.0,-309.21,2.95,4.98,3.03,3.0
985,51.9883558,5.6665195,1.0,1621003184050205555,1,20.812,170.0,-279.9,3.0,5.22,2.99,3.0
986,51.988352,5.6665255,1.0,1621003185051333825,1,20.812,180.0,-267.56,3.02,5.49,2.93,3.0
987,51.9883473,5.6665322,1.0,1621003186046461942,1,20.812,180.0,-267.56,3.02,5.49,2.93,3.0
988,51.988343,5.666537,1.0,1621003187050980263,1,20.812,179.0,-273.73,3.01,5.54,2.92,3.0
989,51.9883393,5.666542,1.0,1621003188046527291,1,20.812,187.0,-225.9,3.08,5.45,2.94,3.0
990,51.988335,5.6665488,1.0,1621003189052963357,1,20.812,188.0,-187.33,3.14,5.4,2.95,3.0
991,51.9883307,5.6665553,1.0,1621003190051755067,1,20.812,189.0,-148.77,3.2,5.37,2.96,3.0
992,51.9883273,5.6665627,1.0,1621003191051161077,1,20.812,187.0,-93.23,3.29,5.44,2.94,3.0
993,51.9883248,5.6665712,1.0,1621003192050131545,1,20.812,188.0,-25.35,3.4,5.37,2.96,3.0
994,51.988322,5.6665807,1.0,1621003193049438437,1,20.812,188.0,-25.35,3.4,5.37,2.96,3.0
995,51.98832,5.6665897,1.0,1621003194062232283,1,20.812,187.0,-13.01,3.42,5.43,2.95,3.0
996,51.9883187,5.666598,1.0,1621003195051587543,1,20.812,189.0,2.42,3.44,5.32,2.97,3.0
997,51.9883168,5.6666073,1.0,1621003196045950946,1,20.812,187.0,-5.29,3.43,5.34,2.96,3.0
998,51.9883153,5.6666172,1.0,1621003197048245639,1,20.812,187.0,-5.29,3.43,5.34,2.96,3.0
999,51.9883143,5.666628,1.0,1621003198049865675,1,20.75,189.0,11.68,3.46,5.63,2.91,3.0
1000,51.9883138,5.6666393,1.0,1621003199051542530,1,20.75,189.0,16.31,3.46,5.32,2.97,3.0
1001,51.9883137,5.6666507,1.0,1621003200052154320,1,20.75,188.0,30.19,3.49,5.48,2.94,3.0
1002,51.9883152,5.6666602,1.0,1621003201050213656,1,20.812,187.0,44.08,3.51,5.31,2.97,3.0
1003,51.9883178,5.6666707,1.0,1621003202050320195,1,20.812,187.0,59.5,3.53,5.32,2.97,3.0
1004,51.9883202,5.6666803,1.0,1621003203052543434,1,20.812,188.0,73.39,3.55,5.27,2.98,3.0
1005,51.988323,5.6666897,1.0,1621003204048057589,1,20.812,188.0,107.33,3.61,5.49,2.93,3.0
1006,51.9883272,5.666698,1.0,1621003205051817245,1,20.812,189.0,113.5,3.62,5.18,2.99,3.0
1007,51.9883315,5.6667062,1.0,1621003206105857258,1,20.812,189.0,144.35,3.67,5.37,2.96,3.0
1008,51.9883368,5.6667135,1.0,1621003207069905632,1,20.812,189.0,190.63,3.74,5.17,3.0,3.0
1009,51.9883417,5.66672,1.0,1621003208051180090,1,20.812,189.0,190.63,3.74,5.17,3.0,3.0
1010,51.9883482,5.6667257,1.0,1621003209049481454,1,20.875,188.0,209.15,3.77,5.1,3.01,3.0
1011,51.9883542,5.6667313,1.0,1621003210044683093,1,20.875,188.0,216.86,3.78,5.12,3.01,3.0
1012,51.98836,5.666736,1.0,1621003211051202748,1,20.875,188.0,207.6,3.77,5.1,3.01,3.0
1013,51.9883665,5.6667387,1.0,1621003212050595413,1,20.875,188.0,207.6,3.77,5.1,3.01,3.0
1014,51.9883737,5.6667415,1.0,1621003213061028729,1,20.875,188.0,179.83,3.72,5.16,3.0,3.0
1015,51.9883817,5.6667417,1.0,1621003214050702473,1,20.937,188.0,130.47,3.65,5.1,3.01,3.0
1016,51.9883888,5.6667408,1.0,1621003215046977040,1,20.937,188.0,130.47,3.65,5.1,3.01,3.0
1017,51.9883965,5.6667387,1.0,1621003216052046457,1,20.937,188.0,110.41,3.61,5.19,2.99,3.0
1018,51.9884037,5.6667353,1.0,1621003217050025496,1,20.937,186.0,158.24,3.69,5.14,3.0,3.0
1019,51.9884113,5.666731,1.0,1621003218051403513,1,20.906,187.0,218.4,3.78,5.28,2.97,3.0
1020,51.9884177,5.6667245,1.0,1621003219065547685,1,20.875,188.0,224.57,3.79,5.32,2.97,3.0
1021,51.9884228,5.6667185,1.0,1621003220058987634,1,20.875,188.0,219.95,3.79,5.13,3.0,3.0
1022,51.988428,5.6667117,1.0,1621003221057949177,1,20.875,188.0,198.35,3.75,5.14,3.0,3.0
1023,51.988432,5.6667048,1.0,1621003222160390514,1,20.937,188.0,165.95,3.7,5.18,2.99,3.0
1024,51.9884365,5.6666963,1.0,1621003223051778892,1,20.937,188.0,128.93,3.64,5.17,3.0,3.0
1025,51.988441,5.666687,1.0,1621003224050023832,1,20.937,188.0,82.64,3.57,5.23,2.98,3.0
1026,51.9884445,5.666677,1.0,1621003225048724410,1,20.937,189.0,2.42,3.44,5.25,2.98,3.0
1027,51.9884477,5.6666662,1.0,1621003226063679443,1,20.937,188.0,-62.37,3.34,5.12,3.01,3.0
1028,51.98845,5.6666543,1.0,1621003227050606320,1,21.0,188.0,-117.91,3.25,5.31,2.97,3.0
1029,51.9884515,5.6666418,1.0,1621003228051544330,1,21.0,188.0,-173.45,3.16,5.35,2.96,3.0
1030,51.988452,5.666631,1.0,1621003229051793136,1,21.0,188.0,-215.1,3.1,5.37,2.96,3.0
1031,51.9884518,5.6666208,1.0,1621003230048258085,1,21.0,188.0,-250.59,3.04,5.41,2.95,3.0
1032,51.9884518,5.6666105,1.0,1621003231049117540,1,21.0,188.0,-273.73,3.01,5.43,2.95,3.0
1033,51.9884513,5.6665993,1.0,1621003232051486524,1,21.0,187.0,-296.87,2.97,5.39,2.95,3.0
1034,51.988451,5.666588,1.0,1621003233047264690,1,21.0,187.0,-296.87,2.97,5.39,2.95,3.0
1035,51.9884495,5.6665778,1.0,1621003234050312336,1,21.0,188.0,-313.84,2.94,5.43,2.95,3.0
1036,51.9884467,5.6665688,1.0,1621003235156980337,1,20.937,188.0,-343.15,2.9,5.41,2.95,3.0
1037,51.9884428,5.66656,1.0,1621003236105753328,1,20.937,186.0,-363.2,2.86,5.5,2.93,3.0
1038,51.9884385,5.6665503,1.0,1621003237070191433,1,20.937,186.0,-363.2,2.86,5.5,2.93,3.0
1039,51.9884325,5.6665422,1.0,1621003238049835138,1,20.937,188.0,-378.63,2.84,5.41,2.95,3.0
1040,51.9884263,5.6665352,1.0,1621003239050020803,1,20.937,186.0,-386.34,2.83,5.43,2.95,3.0
1041,51.9884208,5.6665293,1.0,1621003240050458658,1,20.937,186.0,-386.34,2.83,5.43,2.95,3.0
1042,51.9884152,5.6665235,1.0,1621003241050147516,1,20.875,186.0,-389.43,2.82,5.44,2.94,3.0
1043,51.9884095,5.6665198,1.0,1621003242049276176,1,20.875,186.0,-387.89,2.82,5.48,2.94,3.0
1044,51.9884033,5.6665162,1.0,1621003243050005377,1,20.844,188.0,-375.55,2.84,5.68,2.9,3.0
1045,51.988397,5.6665133,1.0,1621003244046231845,1,20.875,189.0,-372.46,2.85,5.44,2.94,3.0
1046,51.9883895,5.666511,1.0,1621003245049311918,1,20.875,189.0,-358.58,2.87,5.43,2.95,3.0
1047,51.9883832,5.6665098,1.0,1621003246050959915,1,20.875,186.0,-343.15,2.9,5.4,2.95,3.0
